Name,Slug,Code,Path,Full Path,Level,Parent,Image URL,Product Count,Has Children
Tableware & Bar Supplies,tableware-and-bar-supplies,G1,tableware-and-bar-supplies,Tableware & Bar Supplies,1,,,0,Yes
Consumables,consumables,G2,consumables,Consumables,1,,,0,Yes
Furniture & Hotel Supplies,furniture,G3,furniture,Furniture & Hotel Supplies,1,,,0,Yes
"Clothing, Aprons & Footwear",clothing-aprons-and-footwear,G4,clothing-aprons-and-footwear,"Clothing, Aprons & Footwear",1,,,0,Yes
Kitchenware & Storage,kitchenware-and-storage,G5,kitchenware-and-storage,Kitchenware & Storage,1,,,0,Yes
Cleaning & Hygiene,cleaning-and-hygiene,G6,cleaning-and-hygiene,Cleaning & Hygiene,1,,,0,Yes
Commercial Kitchen Machines & Dishwashers,commercial-kitchen-machines,G7,commercial-kitchen-machines,Commercial Kitchen Machines & Dishwashers,1,,,0,Yes
Refrigeration & Ice Machines,refrigeration-and-ice-machines,G9,refrigeration-and-ice-machines,Refrigeration & Ice Machines,1,,,0,Yes
Clearance and Special Offers,clearance-and-special-offers,G8,clearance-and-special-offers,Clearance and Special Offers,1,,,0,Yes
Tableware New Arrivals,tableware-new-arrivals,14359,tableware-and-bar-supplies/tableware-new-arrivals,Tableware & Bar Supplies > Tableware New Arrivals,2,Tableware & Bar Supplies,https://media.nisbets.com/asset/au/category/grid_large/14359.jpg,0,Yes
Crockery,crockery,C19,tableware-and-bar-supplies/crockery,Tableware & Bar Supplies > Crockery,2,Tableware & Bar Supplies,https://media.nisbets.com/asset/au/category/grid_large/c19.jpg,0,Yes
Cutlery,cutlery,C21,tableware-and-bar-supplies/cutlery,Tableware & Bar Supplies > Cutlery,2,Tableware & Bar Supplies,https://media.nisbets.com/asset/au/category/grid_large/c21.jpg,0,Yes
Glassware,glassware,C22,tableware-and-bar-supplies/glassware,Tableware & Bar Supplies > Glassware,2,Tableware & Bar Supplies,https://media.nisbets.com/asset/au/category/grid_large/c22.jpg,0,Yes
Bar Supplies,bar-supplies,C20,tableware-and-bar-supplies/bar-supplies,Tableware & Bar Supplies > Bar Supplies,2,Tableware & Bar Supplies,https://media.nisbets.com/asset/au/category/grid_large/c20.jpg,0,Yes
Tabletop,tabletop,C5,tableware-and-bar-supplies/tabletop,Tableware & Bar Supplies > Tabletop,2,Tableware & Bar Supplies,https://media.nisbets.com/asset/au/category/grid_large/c5.jpg,0,Yes
Buffet Display,buffet-display,C45,tableware-and-bar-supplies/buffet-display,Tableware & Bar Supplies > Buffet Display,2,Tableware & Bar Supplies,https://media.nisbets.com/asset/au/category/grid_large/c45.jpg,0,Yes
Beverage Service,beverage-service,C48,tableware-and-bar-supplies/beverage-service,Tableware & Bar Supplies > Beverage Service,2,Tableware & Bar Supplies,https://media.nisbets.com/asset/au/category/grid_large/c48.jpg,0,Yes
Insulated Food Service,insulated-food-service,14717,tableware-and-bar-supplies/insulated-food-service,Tableware & Bar Supplies > Insulated Food Service,2,Tableware & Bar Supplies,https://media.nisbets.com/asset/au/category/grid_large/14717.jpg,0,Yes
Menus and Bill Holders,menus-and-bill-holders,C84,tableware-and-bar-supplies/menus-and-bill-holders,Tableware & Bar Supplies > Menus and Bill Holders,2,Tableware & Bar Supplies,https://media.nisbets.com/asset/au/category/grid_large/c84.jpg,0,Yes
Blackboards and Signs,blackboards-and-signs,C38,tableware-and-bar-supplies/blackboards-and-signs,Tableware & Bar Supplies > Blackboards and Signs,2,Tableware & Bar Supplies,https://media.nisbets.com/asset/au/category/grid_large/c38.jpg,0,Yes
Service Trays,service-trays,C47,tableware-and-bar-supplies/service-trays,Tableware & Bar Supplies > Service Trays,2,Tableware & Bar Supplies,https://media.nisbets.com/asset/au/category/grid_large/c47.jpg,0,Yes
Table Linen,table-linen,12291,tableware-and-bar-supplies/table-linen,Tableware & Bar Supplies > Table Linen,2,Tableware & Bar Supplies,https://media.nisbets.com/asset/au/category/grid_large/12291.jpg,0,Yes
Cash Registers and Till Rolls,cash-registers-and-till-rolls,13249,tableware-and-bar-supplies/cash-registers-and-till-rolls,Tableware & Bar Supplies > Cash Registers and Till Rolls,2,Tableware & Bar Supplies,https://media.nisbets.com/asset/au/category/grid_large/13249.jpg,0,Yes
Consumables New Arrivals,consumables-new-arrivals,14360,consumables/consumables-new-arrivals,Consumables > Consumables New Arrivals,2,Consumables,https://media.nisbets.com/asset/au/category/grid_large/14360.jpg,0,Yes
Catering Disposables,catering-disposables,C33,consumables/catering-disposables,Consumables > Catering Disposables,2,Consumables,https://media.nisbets.com/asset/au/category/grid_large/c33.jpg,0,Yes
Food Labelling and Wrapping,food-labelling-and-wrapping,C65,consumables/food-labelling-and-wrapping,Consumables > Food Labelling and Wrapping,2,Consumables,https://media.nisbets.com/asset/au/category/grid_large/c65.jpg,0,Yes
Cleaning Consumables,cleaning-consumables,C74,consumables/cleaning-consumables,Consumables > Cleaning Consumables,2,Consumables,https://media.nisbets.com/asset/au/category/grid_large/c74.jpg,0,Yes
Paper Hygiene,paper-hygiene,13105,consumables/paper-hygiene,Consumables > Paper Hygiene,2,Consumables,https://media.nisbets.com/asset/au/category/grid_large/13105.jpg,0,Yes
Disposable Clothing,disposable-clothing,13825,consumables/disposable-clothing,Consumables > Disposable Clothing,2,Consumables,https://media.nisbets.com/asset/au/category/grid_large/13825.jpg,0,Yes
Reusable Products,reusable-products,14493,consumables/reusable-products,Consumables > Reusable Products,2,Consumables,https://media.nisbets.com/asset/au/category/grid_large/14493.jpg,0,Yes
Furniture New Arrivals,furniture-new-arrivals,14361,furniture/furniture-new-arrivals,Furniture & Hotel Supplies > Furniture New Arrivals,2,Furniture & Hotel Supplies,https://media.nisbets.com/asset/au/category/grid/14361.jpg,0,Yes
Chairs and Bar Stools,chairs-and-bar-stools,S1727,furniture/chairs-and-bar-stools,Furniture & Hotel Supplies > Chairs and Bar Stools,2,Furniture & Hotel Supplies,https://media.nisbets.com/asset/au/category/grid_large/s1727.jpg,0,Yes
Tables,tables,C17,furniture/tables,Furniture & Hotel Supplies > Tables,2,Furniture & Hotel Supplies,https://media.nisbets.com/asset/au/category/grid_large/c17.jpg,0,Yes
Folding Furniture,folding-furniture,9012,furniture/folding-furniture,Furniture & Hotel Supplies > Folding Furniture,2,Furniture & Hotel Supplies,https://media.nisbets.com/asset/au/category/grid_large/9012.jpg,0,Yes
Furniture Set,furniture-set,15114,furniture/furniture-set,Furniture & Hotel Supplies > Furniture Set,2,Furniture & Hotel Supplies,https://media.nisbets.com/asset/au/category/grid_large/15114.jpg,0,Yes
Outdoor Umbrellas,outdoor-umbrellas,9297,furniture/outdoor-umbrellas,Furniture & Hotel Supplies > Outdoor Umbrellas,2,Furniture & Hotel Supplies,https://media.nisbets.com/asset/au/category/grid_large/9297.jpg,0,Yes
High Chairs and Baby Changing,high-chairs-and-baby-changing,9410,furniture/high-chairs-and-baby-changing,Furniture & Hotel Supplies > High Chairs and Baby Changing,2,Furniture & Hotel Supplies,https://media.nisbets.com/asset/au/category/grid_large/9410.jpg,0,Yes
Kitchen Furniture,kitchen-furniture,C73,furniture/kitchen-furniture,Furniture & Hotel Supplies > Kitchen Furniture,2,Furniture & Hotel Supplies,https://media.nisbets.com/asset/au/category/grid_large/c73.jpg,0,Yes
Catering Trolleys,catering-trolleys,13198,furniture/catering-trolleys,Furniture & Hotel Supplies > Catering Trolleys,2,Furniture & Hotel Supplies,https://media.nisbets.com/asset/au/category/grid_large/13198.jpg,0,Yes
Hotel Supplies and Furniture,hotel-supplies-and-furniture,C46,furniture/hotel-supplies-and-furniture,Furniture & Hotel Supplies > Hotel Supplies and Furniture,2,Furniture & Hotel Supplies,https://media.nisbets.com/asset/au/category/grid_large/c46.jpg,0,Yes
Lights and Fittings,lights-and-fittings,11769,furniture/lights-and-fittings,Furniture & Hotel Supplies > Lights and Fittings,2,Furniture & Hotel Supplies,https://media.nisbets.com/asset/au/category/grid_large/11769.jpg,0,Yes
Queue Barriers,queue-barriers,10833,furniture/queue-barriers,Furniture & Hotel Supplies > Queue Barriers,2,Furniture & Hotel Supplies,https://media.nisbets.com/asset/au/category/grid_large/10833.jpg,0,Yes
Footwear,footwear,14045,clothing-aprons-and-footwear/footwear,"Clothing, Aprons & Footwear > Footwear",2,"Clothing, Aprons & Footwear",https://media.nisbets.com/asset/au/category/grid_large/14045.jpg,0,Yes
Clothing Bundles and Multipacks,clothing-bundles-and-multipacks,15407,clothing-aprons-and-footwear/clothing-bundles-and-multipacks,"Clothing, Aprons & Footwear > Clothing Bundles and Multipacks",2,"Clothing, Aprons & Footwear",https://media.nisbets.com/asset/au/category/grid_large/15407.jpg,0,Yes
Clothing and Footwear New Arrivals,clothing-and-footwear-new-arrivals,14362,clothing-aprons-and-footwear/clothing-and-footwear-new-arrivals,"Clothing, Aprons & Footwear > Clothing and Footwear New Arrivals",2,"Clothing, Aprons & Footwear",https://media.nisbets.com/asset/au/category/grid_large/14362.jpg,0,Yes
Chef Jackets and Shirts,chef-jackets-and-shirts,C1,clothing-aprons-and-footwear/chef-jackets-and-shirts,"Clothing, Aprons & Footwear > Chef Jackets and Shirts",2,"Clothing, Aprons & Footwear",https://media.nisbets.com/asset/au/category/grid_large/c1.jpg,0,Yes
Chef Pants,chef-pants,12563,clothing-aprons-and-footwear/chef-pants,"Clothing, Aprons & Footwear > Chef Pants",2,"Clothing, Aprons & Footwear",https://media.nisbets.com/asset/au/category/grid_large/12563.jpg,0,Yes
Headwear and Neckerchiefs,headwear-and-neckerchiefs,S8,clothing-aprons-and-footwear/headwear-and-neckerchiefs,"Clothing, Aprons & Footwear > Headwear and Neckerchiefs",2,"Clothing, Aprons & Footwear",https://media.nisbets.com/asset/au/category/grid_large/s8.jpg,0,Yes
Front of House Shirts & T Shirts,front-of-house-shirts--t-shirts,12727,clothing-aprons-and-footwear/front-of-house-shirts--t-shirts,"Clothing, Aprons & Footwear > Front of House Shirts & T Shirts",2,"Clothing, Aprons & Footwear",https://media.nisbets.com/asset/au/category/grid_large/12727.jpg,0,Yes
Chefs and Hospitality Aprons,chefs-and-hospitality-aprons,C55,clothing-aprons-and-footwear/chefs-and-hospitality-aprons,"Clothing, Aprons & Footwear > Chefs and Hospitality Aprons",2,"Clothing, Aprons & Footwear",https://media.nisbets.com/asset/au/category/grid_large/c55.jpg,0,Yes
Safety Workwear,safety-workwear,12730,clothing-aprons-and-footwear/safety-workwear,"Clothing, Aprons & Footwear > Safety Workwear",2,"Clothing, Aprons & Footwear",https://media.nisbets.com/asset/au/category/grid_large/12730.jpg,0,Yes
Waiters Gloves,waiters-gloves,11614,clothing-aprons-and-footwear/waiters-gloves,"Clothing, Aprons & Footwear > Waiters Gloves",2,"Clothing, Aprons & Footwear",https://media.nisbets.com/asset/au/category/grid_large/11614.jpg,0,Yes
Childrens Chefwear,childrens-chefwear,12134,clothing-aprons-and-footwear/childrens-chefwear,"Clothing, Aprons & Footwear > Childrens Chefwear",2,"Clothing, Aprons & Footwear",https://media.nisbets.com/asset/au/category/grid_large/12134.jpg,0,Yes
Kitchenware New Arrivals,kitchenware-new-arrivals,14363,kitchenware-and-storage/kitchenware-new-arrivals,Kitchenware & Storage > Kitchenware New Arrivals,2,Kitchenware & Storage,https://media.nisbets.com/asset/au/category/grid_large/14363.jpg,0,Yes
Professional Kitchen Knives,professional-kitchen-knives,C2,kitchenware-and-storage/professional-kitchen-knives,Kitchenware & Storage > Professional Kitchen Knives,2,Kitchenware & Storage,https://media.nisbets.com/asset/au/category/grid_large/c2.jpg,0,Yes
Cookware,cookware,C4,kitchenware-and-storage/cookware,Kitchenware & Storage > Cookware,2,Kitchenware & Storage,https://media.nisbets.com/asset/au/category/grid_large/c4.jpg,0,Yes
Kitchen Utensils and Tools,kitchen-utensils-and-tools,C3,kitchenware-and-storage/kitchen-utensils-and-tools,Kitchenware & Storage > Kitchen Utensils and Tools,2,Kitchenware & Storage,https://media.nisbets.com/asset/au/category/grid_large/c3.jpg,0,Yes
Food Storage,food-storage,C10,kitchenware-and-storage/food-storage,Kitchenware & Storage > Food Storage,2,Kitchenware & Storage,https://media.nisbets.com/asset/au/category/grid_large/c10.jpg,0,Yes
Gastronorms,gastronorms,C102,kitchenware-and-storage/gastronorms,Kitchenware & Storage > Gastronorms,2,Kitchenware & Storage,https://media.nisbets.com/asset/au/category/grid_large/c102.jpg,0,Yes
Pastry and Baking Supplies,pastry-and-baking-supplies,C13,kitchenware-and-storage/pastry-and-baking-supplies,Kitchenware & Storage > Pastry and Baking Supplies,2,Kitchenware & Storage,https://media.nisbets.com/asset/au/category/grid_large/c13.jpg,0,Yes
Stainless Steel Tables and Benches,stainless-steel-tables-and-benches,C85,kitchenware-and-storage/stainless-steel-tables-and-benches,Kitchenware & Storage > Stainless Steel Tables and Benches,2,Kitchenware & Storage,https://media.nisbets.com/asset/au/category/grid_large/c85.jpg,0,Yes
Sinks and Wash Basins,sinks-and-wash-basins,C34,kitchenware-and-storage/sinks-and-wash-basins,Kitchenware & Storage > Sinks and Wash Basins,2,Kitchenware & Storage,https://media.nisbets.com/asset/au/category/grid_large/c34.jpg,0,Yes
Trolleys,trolleys,C7,kitchenware-and-storage/trolleys,Kitchenware & Storage > Trolleys,2,Kitchenware & Storage,https://media.nisbets.com/asset/au/category/grid_large/c7.jpg,0,Yes
Kitchen Storage and Shelving,kitchen-storage-and-shelving,C86,kitchenware-and-storage/kitchen-storage-and-shelving,Kitchenware & Storage > Kitchen Storage and Shelving,2,Kitchenware & Storage,https://media.nisbets.com/asset/au/category/grid_large/c86.jpg,0,Yes
Cloths and Gloves,cloths-and-gloves,C43,kitchenware-and-storage/cloths-and-gloves,Kitchenware & Storage > Cloths and Gloves,2,Kitchenware & Storage,https://media.nisbets.com/asset/au/category/grid_large/c43.jpg,0,Yes
Cleaning and Hygiene New Arrivals,cleaning-and-hygiene-new-arrivals,14364,cleaning-and-hygiene/cleaning-and-hygiene-new-arrivals,Cleaning & Hygiene > Cleaning and Hygiene New Arrivals,2,Cleaning & Hygiene,https://media.nisbets.com/asset/au/category/grid_large/14364.jpg,0,Yes
Cleaning Chemicals,cleaning-chemicals,C42,cleaning-and-hygiene/cleaning-chemicals,Cleaning & Hygiene > Cleaning Chemicals,2,Cleaning & Hygiene,https://media.nisbets.com/asset/au/category/grid_large/c42.jpg,0,Yes
Cleaning Supplies,cleaning-supplies,C6,cleaning-and-hygiene/cleaning-supplies,Cleaning & Hygiene > Cleaning Supplies,2,Cleaning & Hygiene,https://media.nisbets.com/asset/au/category/grid_large/c6.jpg,0,Yes
Bathroom Products,bathroom-products,13172,cleaning-and-hygiene/bathroom-products,Cleaning & Hygiene > Bathroom Products,2,Cleaning & Hygiene,https://media.nisbets.com/asset/au/category/grid_large/13172.jpg,0,Yes
Waste Management,waste-management,C52,cleaning-and-hygiene/waste-management,Cleaning & Hygiene > Waste Management,2,Cleaning & Hygiene,https://media.nisbets.com/asset/au/category/grid_large/c52.jpg,0,Yes
Health and Safety,health-and-safety,C11,cleaning-and-hygiene/health-and-safety,Cleaning & Hygiene > Health and Safety,2,Cleaning & Hygiene,https://media.nisbets.com/asset/au/category/grid_large/c11.jpg,0,Yes
Dishwasher Racks and Extenders,dishwasher-racks-and-extenders,970,cleaning-and-hygiene/dishwasher-racks-and-extenders,Cleaning & Hygiene > Dishwasher Racks and Extenders,2,Cleaning & Hygiene,https://media.nisbets.com/asset/au/category/grid_large/970.jpg,0,Yes
Bug Zappers,bug-zappers,1077,cleaning-and-hygiene/bug-zappers,Cleaning & Hygiene > Bug Zappers,2,Cleaning & Hygiene,https://media.nisbets.com/asset/au/category/grid_large/1077.jpg,0,Yes
Appliances New Arrivals,appliances-new-arrivals,14365,commercial-kitchen-machines/appliances-new-arrivals,Commercial Kitchen Machines & Dishwashers > Appliances New Arrivals,2,Commercial Kitchen Machines & Dishwashers,https://media.nisbets.com/asset/au/category/grid_large/14365.jpg,0,Yes
Cooking Equipment,cooking-equipment,C25,commercial-kitchen-machines/cooking-equipment,Commercial Kitchen Machines & Dishwashers > Cooking Equipment,2,Commercial Kitchen Machines & Dishwashers,https://media.nisbets.com/asset/au/category/grid_large/c25.jpg,0,Yes
Food Preparation Equipment,food-preparation-equipment,C8,commercial-kitchen-machines/food-preparation-equipment,Commercial Kitchen Machines & Dishwashers > Food Preparation Equipment,2,Commercial Kitchen Machines & Dishwashers,https://media.nisbets.com/asset/au/category/grid_large/c8.jpg,0,Yes
Blenders,blenders,C36,commercial-kitchen-machines/blenders,Commercial Kitchen Machines & Dishwashers > Blenders,2,Commercial Kitchen Machines & Dishwashers,https://media.nisbets.com/asset/au/category/grid_large/c36.jpg,0,Yes
Beverage Machines,beverage-machines,C28,commercial-kitchen-machines/beverage-machines,Commercial Kitchen Machines & Dishwashers > Beverage Machines,2,Commercial Kitchen Machines & Dishwashers,https://media.nisbets.com/asset/au/category/grid_large/c28.jpg,0,Yes
Servery and Display Machines,servery-and-display-machines,C27,commercial-kitchen-machines/servery-and-display-machines,Commercial Kitchen Machines & Dishwashers > Servery and Display Machines,2,Commercial Kitchen Machines & Dishwashers,https://media.nisbets.com/asset/au/category/grid_large/c27.jpg,0,Yes
Dishwashers and Glasswashers,dishwashers-and-glasswashers,C29,commercial-kitchen-machines/dishwashers-and-glasswashers,Commercial Kitchen Machines & Dishwashers > Dishwashers and Glasswashers,2,Commercial Kitchen Machines & Dishwashers,https://media.nisbets.com/asset/au/category/grid_large/c29.jpg,0,Yes
Commercial Laundry Equipment,commercial-laundry-equipment,S1803,commercial-kitchen-machines/commercial-laundry-equipment,Commercial Kitchen Machines & Dishwashers > Commercial Laundry Equipment,2,Commercial Kitchen Machines & Dishwashers,https://media.nisbets.com/asset/au/category/grid_large/s1803.jpg,0,Yes
Hotel Room Appliances,hotel-room-appliances,5164,commercial-kitchen-machines/hotel-room-appliances,Commercial Kitchen Machines & Dishwashers > Hotel Room Appliances,2,Commercial Kitchen Machines & Dishwashers,https://media.nisbets.com/asset/au/category/grid_large/5164.jpg,0,Yes
Spares & Accessories,spares--accessories,C14,commercial-kitchen-machines/spares--accessories,Commercial Kitchen Machines & Dishwashers > Spares & Accessories,2,Commercial Kitchen Machines & Dishwashers,https://media.nisbets.com/asset/au/category/grid_large/c14.jpg,0,Yes
Refrigeration New Arrivals,refrigeration-new-arrivals,14366,refrigeration-and-ice-machines/refrigeration-new-arrivals,Refrigeration & Ice Machines > Refrigeration New Arrivals,2,Refrigeration & Ice Machines,https://media.nisbets.com/asset/au/category/grid_large/14366.jpg,0,Yes
Medical Refrigeration,medical-refrigeration,14670,refrigeration-and-ice-machines/medical-refrigeration,Refrigeration & Ice Machines > Medical Refrigeration,2,Refrigeration & Ice Machines,https://media.nisbets.com/asset/au/category/grid_large/14670.jpg,0,Yes
Fridges,fridges,C53,refrigeration-and-ice-machines/fridges,Refrigeration & Ice Machines > Fridges,2,Refrigeration & Ice Machines,https://media.nisbets.com/asset/au/category/grid_large/c53.jpg,0,Yes
Freezers,freezers,C54,refrigeration-and-ice-machines/freezers,Refrigeration & Ice Machines > Freezers,2,Refrigeration & Ice Machines,https://media.nisbets.com/asset/au/category/grid_large/c54.jpg,0,Yes
Display Refrigeration,display-refrigeration,C39,refrigeration-and-ice-machines/display-refrigeration,Refrigeration & Ice Machines > Display Refrigeration,2,Refrigeration & Ice Machines,https://media.nisbets.com/asset/au/category/grid_large/c39.jpg,0,Yes
Ice Machines,ice-machines,C37,refrigeration-and-ice-machines/ice-machines,Refrigeration & Ice Machines > Ice Machines,2,Refrigeration & Ice Machines,https://media.nisbets.com/asset/au/category/grid_large/c37.jpg,0,Yes
Blast Chillers,blast-chillers,12617,refrigeration-and-ice-machines/blast-chillers,Refrigeration & Ice Machines > Blast Chillers,2,Refrigeration & Ice Machines,https://media.nisbets.com/asset/au/category/grid_large/12617.jpg,0,Yes
Tableware and Bar Supplies Offers,tableware-and-bar-supplies-offers,13093,clearance-and-special-offers/tableware-and-bar-supplies-offers,Clearance and Special Offers > Tableware and Bar Supplies Offers,2,Clearance and Special Offers,https://media.nisbets.com/asset/au/category/grid_large/13093.jpg,0,Yes
Star Buys,star-buys,14697,clearance-and-special-offers/star-buys,Clearance and Special Offers > Star Buys,2,Clearance and Special Offers,https://media.nisbets.com/asset/au/category/grid_large/14697.jpg,0,Yes
Refrigeration and Ice Machines Offers,refrigeration-and-ice-machines-offers,13100,clearance-and-special-offers/refrigeration-and-ice-machines-offers,Clearance and Special Offers > Refrigeration and Ice Machines Offers,2,Clearance and Special Offers,https://media.nisbets.com/asset/au/category/grid_large/13100.jpg,0,Yes
Kitchenware and Storage Offers,kitchenware-and-storage-offers,13097,clearance-and-special-offers/kitchenware-and-storage-offers,Clearance and Special Offers > Kitchenware and Storage Offers,2,Clearance and Special Offers,https://media.nisbets.com/asset/au/category/grid_large/13097.jpg,0,Yes
Furniture Offers,furniture-offers,13095,clearance-and-special-offers/furniture-offers,Clearance and Special Offers > Furniture Offers,2,Clearance and Special Offers,https://media.nisbets.com/asset/au/category/grid_large/13095.jpg,0,Yes
Consumables Offers,consumables-offers,13094,clearance-and-special-offers/consumables-offers,Clearance and Special Offers > Consumables Offers,2,Clearance and Special Offers,https://media.nisbets.com/asset/au/category/grid_large/13094.jpg,0,Yes
Commercial Kitchen Machines Offers,commercial-kitchen-machines-offers,13099,clearance-and-special-offers/commercial-kitchen-machines-offers,Clearance and Special Offers > Commercial Kitchen Machines Offers,2,Clearance and Special Offers,https://media.nisbets.com/asset/au/category/grid_large/13099.jpg,0,Yes
"Clothing, Aprons and Footwear Offers",clothing-aprons-and-footwear-offers,13096,clearance-and-special-offers/clothing-aprons-and-footwear-offers,"Clearance and Special Offers > Clothing, Aprons and Footwear Offers",2,Clearance and Special Offers,https://media.nisbets.com/asset/au/category/grid_large/13096.jpg,0,Yes
Clearance,clearance,13092,clearance-and-special-offers/clearance,Clearance and Special Offers > Clearance,2,Clearance and Special Offers,https://media.nisbets.com/asset/au/category/grid/13092.png,0,Yes
Cleaning and Hygiene Offers,cleaning-and-hygiene-offers,13098,clearance-and-special-offers/cleaning-and-hygiene-offers,Clearance and Special Offers > Cleaning and Hygiene Offers,2,Clearance and Special Offers,https://media.nisbets.com/asset/au/category/grid_large/13098.jpg,0,Yes
Hi Balls and Tumblers,hi-balls-and-tumblers,S983,tableware-and-bar-supplies/glassware/hi-balls-and-tumblers,Tableware & Bar Supplies > Glassware > Hi Balls and Tumblers,3,Glassware,https://media.nisbets.com/asset/au/category/grid_large/s983.jpg,0,Yes
Beer Glassware,beer-glassware,S503,tableware-and-bar-supplies/glassware/beer-glassware,Tableware & Bar Supplies > Glassware > Beer Glassware,3,Glassware,https://media.nisbets.com/asset/au/category/grid_large/s503.jpg,0,Yes
Wine Glasses,wine-glasses,S504,tableware-and-bar-supplies/glassware/wine-glasses,Tableware & Bar Supplies > Glassware > Wine Glasses,3,Glassware,https://media.nisbets.com/asset/au/category/grid_large/s504.jpg,0,Yes
Champagne Glasses,champagne-glasses,12771,tableware-and-bar-supplies/glassware/champagne-glasses,Tableware & Bar Supplies > Glassware > Champagne Glasses,3,Glassware,https://media.nisbets.com/asset/au/category/grid_large/12771.jpg,0,Yes
Cocktail Glasses and Jars,cocktail-glasses-and-jars,S1776,tableware-and-bar-supplies/glassware/cocktail-glasses-and-jars,Tableware & Bar Supplies > Glassware > Cocktail Glasses and Jars,3,Glassware,https://media.nisbets.com/asset/au/category/grid_large/s1776.jpg,0,Yes
Gin Glasses,gin-glasses,13834,tableware-and-bar-supplies/glassware/gin-glasses,Tableware & Bar Supplies > Glassware > Gin Glasses,3,Glassware,https://media.nisbets.com/asset/au/category/grid_large/13834.jpg,0,Yes
Whiskey Glasses,whiskey-glasses,13533,tableware-and-bar-supplies/glassware/whiskey-glasses,Tableware & Bar Supplies > Glassware > Whiskey Glasses,3,Glassware,https://media.nisbets.com/asset/au/category/grid_large/13533.jpg,0,Yes
Brandy and Sherry Glasses,brandy-and-sherry-glasses,12749,tableware-and-bar-supplies/glassware/brandy-and-sherry-glasses,Tableware & Bar Supplies > Glassware > Brandy and Sherry Glasses,3,Glassware,https://media.nisbets.com/asset/au/category/grid_large/12749.jpg,0,Yes
Shot Glasses,shot-glasses,13853,tableware-and-bar-supplies/glassware/shot-glasses,Tableware & Bar Supplies > Glassware > Shot Glasses,3,Glassware,https://media.nisbets.com/asset/au/category/grid_large/13853.jpg,0,Yes
Coffee Glasses,coffee-glasses,14684,tableware-and-bar-supplies/glassware/coffee-glasses,Tableware & Bar Supplies > Glassware > Coffee Glasses,3,Glassware,https://media.nisbets.com/asset/au/category/grid_large/14684.jpg,0,Yes
Dessert Glasses,dessert-glasses,5777,tableware-and-bar-supplies/glassware/dessert-glasses,Tableware & Bar Supplies > Glassware > Dessert Glasses,3,Glassware,https://media.nisbets.com/asset/au/category/grid_large/5777.jpg,0,Yes
Plastic Glasses,plastic-glasses,5786,tableware-and-bar-supplies/glassware/plastic-glasses,Tableware & Bar Supplies > Glassware > Plastic Glasses,3,Glassware,https://media.nisbets.com/asset/au/category/grid_large/5786.jpg,0,Yes
Jugs and Decanters,jugs-and-decanters,S505,tableware-and-bar-supplies/glassware/jugs-and-decanters,Tableware & Bar Supplies > Glassware > Jugs and Decanters,3,Glassware,https://media.nisbets.com/asset/au/category/grid_large/s505.jpg,0,Yes
Glass Storage,glass-storage,1059,tableware-and-bar-supplies/glassware/glass-storage,Tableware & Bar Supplies > Glassware > Glass Storage,3,Glassware,https://media.nisbets.com/asset/au/category/grid_large/1059.jpg,0,Yes
"Table Mats, Signs and Numbers",table-mats-signs-and-numbers,S980,tableware-and-bar-supplies/tabletop/table-mats-signs-and-numbers,"Tableware & Bar Supplies > Tabletop > Table Mats, Signs and Numbers",3,Tabletop,https://media.nisbets.com/asset/au/category/grid_large/s980.jpg,0,Yes
Cruets and Condiments,cruets-and-condiments,S90,tableware-and-bar-supplies/tabletop/cruets-and-condiments,Tableware & Bar Supplies > Tabletop > Cruets and Condiments,3,Tabletop,https://media.nisbets.com/asset/au/category/grid_large/s90.jpg,0,Yes
Food Display Baskets,food-display-baskets,11113,tableware-and-bar-supplies/tabletop/food-display-baskets,Tableware & Bar Supplies > Tabletop > Food Display Baskets,3,Tabletop,https://media.nisbets.com/asset/au/category/grid_large/11113.jpg,0,Yes
Serving and Balti Dishes,serving-and-balti-dishes,10977,tableware-and-bar-supplies/tabletop/serving-and-balti-dishes,Tableware & Bar Supplies > Tabletop > Serving and Balti Dishes,3,Tabletop,https://media.nisbets.com/asset/au/category/grid_large/10977.jpg,0,Yes
Cast Iron Sizzlers and Pots,cast-iron-sizzlers-and-pots,564,tableware-and-bar-supplies/tabletop/cast-iron-sizzlers-and-pots,Tableware & Bar Supplies > Tabletop > Cast Iron Sizzlers and Pots,3,Tabletop,https://media.nisbets.com/asset/au/category/grid_large/564.jpg,0,Yes
Breakfast Service,breakfast-service,822,tableware-and-bar-supplies/tabletop/breakfast-service,Tableware & Bar Supplies > Tabletop > Breakfast Service,3,Tabletop,https://media.nisbets.com/asset/au/category/grid_large/822.jpg,0,Yes
Mussel Pots and Seafood Platters,mussel-pots-and-seafood-platters,13574,tableware-and-bar-supplies/tabletop/mussel-pots-and-seafood-platters,Tableware & Bar Supplies > Tabletop > Mussel Pots and Seafood Platters,3,Tabletop,https://media.nisbets.com/asset/au/category/grid_large/13574.jpg,0,Yes
Candles and Tealights,candles-and-tealights,816,tableware-and-bar-supplies/tabletop/candles-and-tealights,Tableware & Bar Supplies > Tabletop > Candles and Tealights,3,Tabletop,https://media.nisbets.com/asset/au/category/grid_large/816.jpg,0,Yes
Napkin Dispensers,napkin-dispensers,10810,tableware-and-bar-supplies/tabletop/napkin-dispensers,Tableware & Bar Supplies > Tabletop > Napkin Dispensers,3,Tabletop,https://media.nisbets.com/asset/au/category/grid_large/10810.jpg,0,Yes
Airpots and Labels,airpots-and-labels,10884,tableware-and-bar-supplies/beverage-service/airpots-and-labels,Tableware & Bar Supplies > Beverage Service > Airpots and Labels,3,Beverage Service,https://media.nisbets.com/asset/au/category/grid_large/10884.jpg,0,Yes
Drinks Dispensers,drinks-dispensers,10882,tableware-and-bar-supplies/beverage-service/drinks-dispensers,Tableware & Bar Supplies > Beverage Service > Drinks Dispensers,3,Beverage Service,https://media.nisbets.com/asset/au/category/grid_large/10882.jpg,0,Yes
Coffee Plungers and Pots,coffee-plungers-and-pots,S1460,tableware-and-bar-supplies/beverage-service/coffee-plungers-and-pots,Tableware & Bar Supplies > Beverage Service > Coffee Plungers and Pots,3,Beverage Service,https://media.nisbets.com/asset/au/category/grid_large/s1460.jpg,0,Yes
Teapots,teapots,S1390,tableware-and-bar-supplies/beverage-service/teapots,Tableware & Bar Supplies > Beverage Service > Teapots,3,Beverage Service,https://media.nisbets.com/asset/au/category/grid_large/s1390.jpg,0,Yes
Jugs,jugs,S1395,tableware-and-bar-supplies/beverage-service/jugs,Tableware & Bar Supplies > Beverage Service > Jugs,3,Beverage Service,https://media.nisbets.com/asset/au/category/grid_large/s1395.jpg,0,Yes
Tea and Coffee Accessories,tea-and-coffee-accessories,S1459,tableware-and-bar-supplies/beverage-service/tea-and-coffee-accessories,Tableware & Bar Supplies > Beverage Service > Tea and Coffee Accessories,3,Beverage Service,https://media.nisbets.com/asset/au/category/grid_large/s1459.jpg,0,Yes
Anti Slip Trays and Stands,anti-slip-trays-and-stands,10825,tableware-and-bar-supplies/service-trays/anti-slip-trays-and-stands,Tableware & Bar Supplies > Service Trays > Anti Slip Trays and Stands,3,Service Trays,https://media.nisbets.com/asset/au/category/grid_large/10825.jpg,0,Yes
Fast Food Trays,fast-food-trays,10828,tableware-and-bar-supplies/service-trays/fast-food-trays,Tableware & Bar Supplies > Service Trays > Fast Food Trays,3,Service Trays,https://media.nisbets.com/asset/au/category/grid_large/10828.jpg,0,Yes
Compartment Food Trays,compartment-food-trays,11123,tableware-and-bar-supplies/service-trays/compartment-food-trays,Tableware & Bar Supplies > Service Trays > Compartment Food Trays,3,Service Trays,https://media.nisbets.com/asset/au/category/grid_large/11123.jpg,0,Yes
Serving Trays,serving-trays,12378,tableware-and-bar-supplies/service-trays/serving-trays,Tableware & Bar Supplies > Service Trays > Serving Trays,3,Service Trays,https://media.nisbets.com/asset/au/category/grid_large/12378.jpg,0,Yes
Restaurant Chairs,restaurant-chairs,11931,furniture/chairs-and-bar-stools/restaurant-chairs,Furniture & Hotel Supplies > Chairs and Bar Stools > Restaurant Chairs,3,Chairs and Bar Stools,https://media.nisbets.com/asset/au/category/grid_large/11931.jpg,0,Yes
Outdoor Chairs,outdoor-chairs,13103,furniture/chairs-and-bar-stools/outdoor-chairs,Furniture & Hotel Supplies > Chairs and Bar Stools > Outdoor Chairs,3,Chairs and Bar Stools,https://media.nisbets.com/asset/au/category/grid_large/13103.jpg,0,Yes
Folding Chairs,folding-chairs,13174,furniture/chairs-and-bar-stools/folding-chairs,Furniture & Hotel Supplies > Chairs and Bar Stools > Folding Chairs,3,Chairs and Bar Stools,https://media.nisbets.com/asset/au/category/grid_large/13174.jpg,0,Yes
Conference Chairs,conference-chairs,9034,furniture/chairs-and-bar-stools/conference-chairs,Furniture & Hotel Supplies > Chairs and Bar Stools > Conference Chairs,3,Chairs and Bar Stools,https://media.nisbets.com/asset/au/category/grid_large/9034.jpg,0,Yes
Cafe Chairs,cafe-chairs,12343,furniture/chairs-and-bar-stools/cafe-chairs,Furniture & Hotel Supplies > Chairs and Bar Stools > Cafe Chairs,3,Chairs and Bar Stools,https://media.nisbets.com/asset/au/category/grid_large/12343.jpg,0,Yes
Bar Stools,bar-stools,12836,furniture/chairs-and-bar-stools/bar-stools,Furniture & Hotel Supplies > Chairs and Bar Stools > Bar Stools,3,Chairs and Bar Stools,https://media.nisbets.com/asset/au/category/grid_large/12836.jpg,0,Yes
Housekeeping,housekeeping,10550,furniture/hotel-supplies-and-furniture/housekeeping,Furniture & Hotel Supplies > Hotel Supplies and Furniture > Housekeeping,3,Hotel Supplies and Furniture,https://media.nisbets.com/asset/au/category/grid_large/10550.jpg,0,Yes
Hotel Furniture and Supplies,hotel-furniture-and-supplies,10649,furniture/hotel-supplies-and-furniture/hotel-furniture-and-supplies,Furniture & Hotel Supplies > Hotel Supplies and Furniture > Hotel Furniture and Supplies,3,Hotel Supplies and Furniture,https://media.nisbets.com/asset/au/category/grid_large/10649.jpg,0,Yes
Bath Towels,bath-towels,13560,furniture/hotel-supplies-and-furniture/bath-towels,Furniture & Hotel Supplies > Hotel Supplies and Furniture > Bath Towels,3,Hotel Supplies and Furniture,https://media.nisbets.com/asset/au/category/grid_large/13560.jpg,0,Yes
Waterproof and Disposable Aprons,waterproof-and-disposable-aprons,58,clothing-aprons-and-footwear/chefs-and-hospitality-aprons/waterproof-and-disposable-aprons,"Clothing, Aprons & Footwear > Chefs and Hospitality Aprons > Waterproof and Disposable Aprons",3,Chefs and Hospitality Aprons,https://media.nisbets.com/asset/au/category/grid_large/58.jpg,0,Yes
Waist Aprons,waist-aprons,10393,clothing-aprons-and-footwear/chefs-and-hospitality-aprons/waist-aprons,"Clothing, Aprons & Footwear > Chefs and Hospitality Aprons > Waist Aprons",3,Chefs and Hospitality Aprons,https://media.nisbets.com/asset/au/category/grid_large/10393.jpg,0,Yes
Bib Aprons,bib-aprons,44,clothing-aprons-and-footwear/chefs-and-hospitality-aprons/bib-aprons,"Clothing, Aprons & Footwear > Chefs and Hospitality Aprons > Bib Aprons",3,Chefs and Hospitality Aprons,https://media.nisbets.com/asset/au/category/grid_large/44.jpg,0,Yes
Aprons,aprons,11607,clothing-aprons-and-footwear/chefs-and-hospitality-aprons/aprons,"Clothing, Aprons & Footwear > Chefs and Hospitality Aprons > Aprons",3,Chefs and Hospitality Aprons,https://media.nisbets.com/asset/au/category/grid_large/11607.jpg,0,Yes
Cooking and Serving Utensils,cooking-and-serving-utensils,S44,kitchenware-and-storage/kitchen-utensils-and-tools/cooking-and-serving-utensils,Kitchenware & Storage > Kitchen Utensils and Tools > Cooking and Serving Utensils,3,Kitchen Utensils and Tools,https://media.nisbets.com/asset/au/category/grid_large/s44.jpg,0,Yes
Kitchen Tools,kitchen-tools,S1840,kitchenware-and-storage/kitchen-utensils-and-tools/kitchen-tools,Kitchenware & Storage > Kitchen Utensils and Tools > Kitchen Tools,3,Kitchen Utensils and Tools,https://media.nisbets.com/asset/au/category/grid_large/s1840.jpg,0,Yes
Chopping Boards,chopping-boards,S32,kitchenware-and-storage/kitchen-utensils-and-tools/chopping-boards,Kitchenware & Storage > Kitchen Utensils and Tools > Chopping Boards,3,Kitchen Utensils and Tools,https://media.nisbets.com/asset/au/category/grid_large/s32.jpg,0,Yes
"Graters, Peelers, Mandolins and Garnishing Tools",graters-peelers-mandolins-and-garnishing-tools,15247,kitchenware-and-storage/kitchen-utensils-and-tools/graters-peelers-mandolins-and-garnishing-tools,"Kitchenware & Storage > Kitchen Utensils and Tools > Graters, Peelers, Mandolins and Garnishing Tools",3,Kitchen Utensils and Tools,https://media.nisbets.com/asset/au/category/grid_large/15247.jpg,0,Yes
Cooking Thermometers and Kitchen Timers,cooking-thermometers-and-kitchen-timers,S46,kitchenware-and-storage/kitchen-utensils-and-tools/cooking-thermometers-and-kitchen-timers,Kitchenware & Storage > Kitchen Utensils and Tools > Cooking Thermometers and Kitchen Timers,3,Kitchen Utensils and Tools,https://media.nisbets.com/asset/au/category/grid_large/s46.jpg,0,Yes
"Colanders, Strainers and Salad Spinners",colanders-strainers-and-salad-spinners,S35,kitchenware-and-storage/kitchen-utensils-and-tools/colanders-strainers-and-salad-spinners,"Kitchenware & Storage > Kitchen Utensils and Tools > Colanders, Strainers and Salad Spinners",3,Kitchen Utensils and Tools,https://media.nisbets.com/asset/au/category/grid_large/s35.jpg,0,Yes
Scales and Measuring Tools,scales-and-measuring-tools,S40,kitchenware-and-storage/kitchen-utensils-and-tools/scales-and-measuring-tools,Kitchenware & Storage > Kitchen Utensils and Tools > Scales and Measuring Tools,3,Kitchen Utensils and Tools,https://media.nisbets.com/asset/au/category/grid_large/s40.jpg,0,Yes
Ingredient and Mixing Bowls,ingredient-and-mixing-bowls,498,kitchenware-and-storage/kitchen-utensils-and-tools/ingredient-and-mixing-bowls,Kitchenware & Storage > Kitchen Utensils and Tools > Ingredient and Mixing Bowls,3,Kitchen Utensils and Tools,https://media.nisbets.com/asset/au/category/grid_large/498.jpg,0,Yes
Pizza Utensils and Pasta Makers,pizza-utensils-and-pasta-makers,5707,kitchenware-and-storage/kitchen-utensils-and-tools/pizza-utensils-and-pasta-makers,Kitchenware & Storage > Kitchen Utensils and Tools > Pizza Utensils and Pasta Makers,3,Kitchen Utensils and Tools,https://media.nisbets.com/asset/au/category/grid_large/5707.jpg,0,Yes
BBQ Utensils and Equipment,bbq-utensils-and-equipment,13635,kitchenware-and-storage/kitchen-utensils-and-tools/bbq-utensils-and-equipment,Kitchenware & Storage > Kitchen Utensils and Tools > BBQ Utensils and Equipment,3,Kitchen Utensils and Tools,https://media.nisbets.com/asset/au/category/grid_large/13635.jpg,0,Yes
Docket Holders,docket-holders,369,kitchenware-and-storage/kitchen-utensils-and-tools/docket-holders,Kitchenware & Storage > Kitchen Utensils and Tools > Docket Holders,3,Kitchen Utensils and Tools,https://media.nisbets.com/asset/au/category/grid_large/369.jpg,0,Yes
Stainless Steel GN Pans,stainless-steel-gn-pans,14129,kitchenware-and-storage/gastronorms/stainless-steel-gn-pans,Kitchenware & Storage > Gastronorms > Stainless Steel GN Pans,3,Gastronorms,https://media.nisbets.com/asset/au/category/grid_large/14129.jpg,0,Yes
Polypropylene GN Pans,polypropylene-gn-pans,14143,kitchenware-and-storage/gastronorms/polypropylene-gn-pans,Kitchenware & Storage > Gastronorms > Polypropylene GN Pans,3,Gastronorms,https://media.nisbets.com/asset/au/category/grid_large/14143.jpg,0,Yes
Polycarbonate GN Pans,polycarbonate-gn-pans,14141,kitchenware-and-storage/gastronorms/polycarbonate-gn-pans,Kitchenware & Storage > Gastronorms > Polycarbonate GN Pans,3,Gastronorms,https://media.nisbets.com/asset/au/category/grid_large/14141.jpg,0,Yes
Sink Taps,sink-taps,9320,kitchenware-and-storage/sinks-and-wash-basins/sink-taps,Kitchenware & Storage > Sinks and Wash Basins > Sink Taps,3,Sinks and Wash Basins,https://media.nisbets.com/asset/au/category/grid_large/9320.jpg,0,Yes
Sinks with Right Hand Drainer,sinks-with-right-hand-drainer,9128,kitchenware-and-storage/sinks-and-wash-basins/sinks-with-right-hand-drainer,Kitchenware & Storage > Sinks and Wash Basins > Sinks with Right Hand Drainer,3,Sinks and Wash Basins,https://media.nisbets.com/asset/au/category/grid_large/9128.jpg,0,Yes
Sinks with Left Hand Drainer,sinks-with-left-hand-drainer,9202,kitchenware-and-storage/sinks-and-wash-basins/sinks-with-left-hand-drainer,Kitchenware & Storage > Sinks and Wash Basins > Sinks with Left Hand Drainer,3,Sinks and Wash Basins,https://media.nisbets.com/asset/au/category/grid_large/9202.jpg,0,Yes
Sinks with Double Drainer,sinks-with-double-drainer,9201,kitchenware-and-storage/sinks-and-wash-basins/sinks-with-double-drainer,Kitchenware & Storage > Sinks and Wash Basins > Sinks with Double Drainer,3,Sinks and Wash Basins,https://media.nisbets.com/asset/au/category/grid_large/9201.jpg,0,Yes
Pre Rinse Jets and Sprays,pre-rinse-jets-and-sprays,11514,kitchenware-and-storage/sinks-and-wash-basins/pre-rinse-jets-and-sprays,Kitchenware & Storage > Sinks and Wash Basins > Pre Rinse Jets and Sprays,3,Sinks and Wash Basins,https://media.nisbets.com/asset/au/category/grid_large/11514.jpg,0,Yes
Pot Washing Sinks,pot-washing-sinks,9205,kitchenware-and-storage/sinks-and-wash-basins/pot-washing-sinks,Kitchenware & Storage > Sinks and Wash Basins > Pot Washing Sinks,3,Sinks and Wash Basins,https://media.nisbets.com/asset/au/category/grid_large/9205.jpg,0,Yes
Pitcher and Glass Rinsers,pitcher-and-glass-rinsers,14812,kitchenware-and-storage/sinks-and-wash-basins/pitcher-and-glass-rinsers,Kitchenware & Storage > Sinks and Wash Basins > Pitcher and Glass Rinsers,3,Sinks and Wash Basins,https://media.nisbets.com/asset/au/category/grid_large/14812.jpg,0,Yes
Janitoral Sinks,janitoral-sinks,11328,kitchenware-and-storage/sinks-and-wash-basins/janitoral-sinks,Kitchenware & Storage > Sinks and Wash Basins > Janitoral Sinks,3,Sinks and Wash Basins,https://media.nisbets.com/asset/au/category/grid_large/11328.jpg,0,Yes
Hand Wash Basins,hand-wash-basins,9204,kitchenware-and-storage/sinks-and-wash-basins/hand-wash-basins,Kitchenware & Storage > Sinks and Wash Basins > Hand Wash Basins,3,Sinks and Wash Basins,https://media.nisbets.com/asset/au/category/grid_large/9204.jpg,0,Yes
Washroom and Toilet Cleaner,washroom-and-toilet-cleaner,14422,cleaning-and-hygiene/cleaning-chemicals/washroom-and-toilet-cleaner,Cleaning & Hygiene > Cleaning Chemicals > Washroom and Toilet Cleaner,3,Cleaning Chemicals,https://media.nisbets.com/asset/au/category/grid_large/14422.jpg,0,Yes
Surface and Floor Cleaners,surface-and-floor-cleaners,12098,cleaning-and-hygiene/cleaning-chemicals/surface-and-floor-cleaners,Cleaning & Hygiene > Cleaning Chemicals > Surface and Floor Cleaners,3,Cleaning Chemicals,https://media.nisbets.com/asset/au/category/grid_large/12098.jpg,0,Yes
Laundry Cleaner,laundry-cleaner,12481,cleaning-and-hygiene/cleaning-chemicals/laundry-cleaner,Cleaning & Hygiene > Cleaning Chemicals > Laundry Cleaner,3,Cleaning Chemicals,https://media.nisbets.com/asset/au/category/grid_large/12481.jpg,0,Yes
Hand Soaps and Sanitisers,hand-soaps-and-sanitisers,13329,cleaning-and-hygiene/cleaning-chemicals/hand-soaps-and-sanitisers,Cleaning & Hygiene > Cleaning Chemicals > Hand Soaps and Sanitisers,3,Cleaning Chemicals,https://media.nisbets.com/asset/au/category/grid_large/13329.jpg,0,Yes
Glass Cleaner,glass-cleaner,14770,cleaning-and-hygiene/cleaning-chemicals/glass-cleaner,Cleaning & Hygiene > Cleaning Chemicals > Glass Cleaner,3,Cleaning Chemicals,https://media.nisbets.com/asset/au/category/grid_large/14770.jpg,0,Yes
Disinfectant and Sanitisers,disinfectant-and-sanitisers,14576,cleaning-and-hygiene/cleaning-chemicals/disinfectant-and-sanitisers,Cleaning & Hygiene > Cleaning Chemicals > Disinfectant and Sanitisers,3,Cleaning Chemicals,https://media.nisbets.com/asset/au/category/grid_large/14576.jpg,0,Yes
Dishwashing Liquids,dishwashing-liquids,11901,cleaning-and-hygiene/cleaning-chemicals/dishwashing-liquids,Cleaning & Hygiene > Cleaning Chemicals > Dishwashing Liquids,3,Cleaning Chemicals,https://media.nisbets.com/asset/au/category/grid_large/11901.jpg,0,Yes
"Dishwasher Detergent, Rinse Aid and Detergents",dishwasher-detergent-rinse-aid-and-detergents,12831,cleaning-and-hygiene/cleaning-chemicals/dishwasher-detergent-rinse-aid-and-detergents,"Cleaning & Hygiene > Cleaning Chemicals > Dishwasher Detergent, Rinse Aid and Detergents",3,Cleaning Chemicals,https://media.nisbets.com/asset/au/category/grid_large/12831.jpg,0,Yes
Degreasers,degreasers,14772,cleaning-and-hygiene/cleaning-chemicals/degreasers,Cleaning & Hygiene > Cleaning Chemicals > Degreasers,3,Cleaning Chemicals,https://media.nisbets.com/asset/au/category/grid_large/14772.jpg,0,Yes
Cleaning Kits and Bundles,cleaning-kits-and-bundles,14773,cleaning-and-hygiene/cleaning-chemicals/cleaning-kits-and-bundles,Cleaning & Hygiene > Cleaning Chemicals > Cleaning Kits and Bundles,3,Cleaning Chemicals,https://media.nisbets.com/asset/au/category/grid_large/14773.jpg,0,Yes
Appliance Cleaners,appliance-cleaners,14714,cleaning-and-hygiene/cleaning-chemicals/appliance-cleaners,Cleaning & Hygiene > Cleaning Chemicals > Appliance Cleaners,3,Cleaning Chemicals,https://media.nisbets.com/asset/au/category/grid_large/14714.jpg,0,Yes
Step Stools,step-stools,1040,cleaning-and-hygiene/health-and-safety/step-stools,Cleaning & Hygiene > Health and Safety > Step Stools,3,Health and Safety,https://media.nisbets.com/asset/au/category/grid_large/1040.jpg,0,Yes
Safety Signs,safety-signs,9052,cleaning-and-hygiene/health-and-safety/safety-signs,Cleaning & Hygiene > Health and Safety > Safety Signs,3,Health and Safety,https://media.nisbets.com/asset/au/category/grid_large/9052.jpg,0,Yes
Safety Mats,safety-mats,5385,cleaning-and-hygiene/health-and-safety/safety-mats,Cleaning & Hygiene > Health and Safety > Safety Mats,3,Health and Safety,https://media.nisbets.com/asset/au/category/grid_large/5385.jpg,0,Yes
First Aid Supplies,first-aid-supplies,4049,cleaning-and-hygiene/health-and-safety/first-aid-supplies,Cleaning & Hygiene > Health and Safety > First Aid Supplies,3,Health and Safety,https://media.nisbets.com/asset/au/category/grid_large/4049.jpg,0,Yes
Wok Ranges,wok-ranges,14102,commercial-kitchen-machines/cooking-equipment/wok-ranges,Commercial Kitchen Machines & Dishwashers > Cooking Equipment > Wok Ranges,3,Cooking Equipment,https://media.nisbets.com/asset/au/category/grid_large/14102.jpg,0,Yes
Rapid Cook Ovens,rapid-cook-ovens,13783,commercial-kitchen-machines/cooking-equipment/rapid-cook-ovens,Commercial Kitchen Machines & Dishwashers > Cooking Equipment > Rapid Cook Ovens,3,Cooking Equipment,https://media.nisbets.com/asset/au/category/grid_large/13783.jpg,0,Yes
Multi Pans,multi-pans,14716,commercial-kitchen-machines/cooking-equipment/multi-pans,Commercial Kitchen Machines & Dishwashers > Cooking Equipment > Multi Pans,3,Cooking Equipment,https://media.nisbets.com/asset/au/category/grid_large/14716.jpg,0,Yes
Kitchen Ventilation and Extraction,kitchen-ventilation-and-extraction,14092,commercial-kitchen-machines/cooking-equipment/kitchen-ventilation-and-extraction,Commercial Kitchen Machines & Dishwashers > Cooking Equipment > Kitchen Ventilation and Extraction,3,Cooking Equipment,https://media.nisbets.com/asset/au/category/grid_large/14092.jpg,0,Yes
Induction Oven Ranges,induction-oven-ranges,14186,commercial-kitchen-machines/cooking-equipment/induction-oven-ranges,Commercial Kitchen Machines & Dishwashers > Cooking Equipment > Induction Oven Ranges,3,Cooking Equipment,https://media.nisbets.com/asset/au/category/grid_large/14186.jpg,0,Yes
Gas Stock Pot Burners,gas-stock-pot-burners,14446,commercial-kitchen-machines/cooking-equipment/gas-stock-pot-burners,Commercial Kitchen Machines & Dishwashers > Cooking Equipment > Gas Stock Pot Burners,3,Cooking Equipment,https://media.nisbets.com/asset/au/category/grid_large/14446.jpg,0,Yes
Fryers and Oil Filter Machines,fryers-and-oil-filter-machines,14442,commercial-kitchen-machines/cooking-equipment/fryers-and-oil-filter-machines,Commercial Kitchen Machines & Dishwashers > Cooking Equipment > Fryers and Oil Filter Machines,3,Cooking Equipment,https://media.nisbets.com/asset/au/category/grid_large/14442.jpg,0,Yes
Food Steamers,food-steamers,13616,commercial-kitchen-machines/cooking-equipment/food-steamers,Commercial Kitchen Machines & Dishwashers > Cooking Equipment > Food Steamers,3,Cooking Equipment,https://media.nisbets.com/asset/au/category/grid_large/13616.jpg,0,Yes
Electric Ovens and Ranges,electric-ovens-and-ranges,14221,commercial-kitchen-machines/cooking-equipment/electric-ovens-and-ranges,Commercial Kitchen Machines & Dishwashers > Cooking Equipment > Electric Ovens and Ranges,3,Cooking Equipment,https://media.nisbets.com/asset/au/category/grid_large/14221.jpg,0,Yes
Electric Cooktop Hobs,electric-cooktop-hobs,14216,commercial-kitchen-machines/cooking-equipment/electric-cooktop-hobs,Commercial Kitchen Machines & Dishwashers > Cooking Equipment > Electric Cooktop Hobs,3,Cooking Equipment,https://media.nisbets.com/asset/au/category/grid_large/14216.jpg,0,Yes
Conveyor Ovens,conveyor-ovens,12817,commercial-kitchen-machines/cooking-equipment/conveyor-ovens,Commercial Kitchen Machines & Dishwashers > Cooking Equipment > Conveyor Ovens,3,Cooking Equipment,https://media.nisbets.com/asset/au/category/grid_large/12817.jpg,0,Yes
Commercial Microwaves,commercial-microwaves,13548,commercial-kitchen-machines/cooking-equipment/commercial-microwaves,Commercial Kitchen Machines & Dishwashers > Cooking Equipment > Commercial Microwaves,3,Cooking Equipment,https://media.nisbets.com/asset/au/category/grid_large/13548.jpg,0,Yes
Gas Ovens and Ranges,gas-ovens-and-ranges,S1500,commercial-kitchen-machines/cooking-equipment/gas-ovens-and-ranges,Commercial Kitchen Machines & Dishwashers > Cooking Equipment > Gas Ovens and Ranges,3,Cooking Equipment,https://media.nisbets.com/asset/au/category/grid_large/s1500.jpg,0,Yes
Convection Ovens,convection-ovens,12248,commercial-kitchen-machines/cooking-equipment/convection-ovens,Commercial Kitchen Machines & Dishwashers > Cooking Equipment > Convection Ovens,3,Cooking Equipment,https://media.nisbets.com/asset/au/category/grid_large/12248.jpg,0,Yes
Combination Ovens,combination-ovens,12215,commercial-kitchen-machines/cooking-equipment/combination-ovens,Commercial Kitchen Machines & Dishwashers > Cooking Equipment > Combination Ovens,3,Cooking Equipment,https://media.nisbets.com/asset/au/category/grid_large/12215.jpg,0,Yes
Griddles,griddles,13549,commercial-kitchen-machines/cooking-equipment/griddles,Commercial Kitchen Machines & Dishwashers > Cooking Equipment > Griddles,3,Cooking Equipment,https://media.nisbets.com/asset/au/category/grid_large/13549.jpg,0,Yes
Panini and Contact Grills,panini-and-contact-grills,12027,commercial-kitchen-machines/cooking-equipment/panini-and-contact-grills,Commercial Kitchen Machines & Dishwashers > Cooking Equipment > Panini and Contact Grills,3,Cooking Equipment,https://media.nisbets.com/asset/au/category/grid_large/12027.jpg,0,Yes
Grills,grills,13200,commercial-kitchen-machines/cooking-equipment/grills,Commercial Kitchen Machines & Dishwashers > Cooking Equipment > Grills,3,Cooking Equipment,https://media.nisbets.com/asset/au/category/grid_large/13200.jpg,0,Yes
Char Grills,char-grills,12881,commercial-kitchen-machines/cooking-equipment/char-grills,Commercial Kitchen Machines & Dishwashers > Cooking Equipment > Char Grills,3,Cooking Equipment,https://media.nisbets.com/asset/au/category/grid_large/12881.jpg,0,Yes
Gas Cooktop Hobs,gas-cooktop-hobs,12880,commercial-kitchen-machines/cooking-equipment/gas-cooktop-hobs,Commercial Kitchen Machines & Dishwashers > Cooking Equipment > Gas Cooktop Hobs,3,Cooking Equipment,https://media.nisbets.com/asset/au/category/grid_large/12880.jpg,0,Yes
Toasters,toasters,9472,commercial-kitchen-machines/cooking-equipment/toasters,Commercial Kitchen Machines & Dishwashers > Cooking Equipment > Toasters,3,Cooking Equipment,https://media.nisbets.com/asset/au/category/grid_large/9472.jpg,0,Yes
Waffle Makers,waffle-makers,10170,commercial-kitchen-machines/cooking-equipment/waffle-makers,Commercial Kitchen Machines & Dishwashers > Cooking Equipment > Waffle Makers,3,Cooking Equipment,https://media.nisbets.com/asset/au/category/grid_large/10170.jpg,0,Yes
Crepe Makers,crepe-makers,10034,commercial-kitchen-machines/cooking-equipment/crepe-makers,Commercial Kitchen Machines & Dishwashers > Cooking Equipment > Crepe Makers,3,Cooking Equipment,https://media.nisbets.com/asset/au/category/grid_large/10034.jpg,0,Yes
Induction Hobs and Cookers,induction-hobs-and-cookers,9430,commercial-kitchen-machines/cooking-equipment/induction-hobs-and-cookers,Commercial Kitchen Machines & Dishwashers > Cooking Equipment > Induction Hobs and Cookers,3,Cooking Equipment,https://media.nisbets.com/asset/au/category/grid_large/9430.jpg,0,Yes
Sous Vide,sous-vide,12883,commercial-kitchen-machines/cooking-equipment/sous-vide,Commercial Kitchen Machines & Dishwashers > Cooking Equipment > Sous Vide,3,Cooking Equipment,https://media.nisbets.com/asset/au/category/grid_large/12883.jpg,0,Yes
Rice Cookers,rice-cookers,5704,commercial-kitchen-machines/cooking-equipment/rice-cookers,Commercial Kitchen Machines & Dishwashers > Cooking Equipment > Rice Cookers,3,Cooking Equipment,https://media.nisbets.com/asset/au/category/grid_large/5704.jpg,0,Yes
Pasta Cookers,pasta-cookers,12882,commercial-kitchen-machines/cooking-equipment/pasta-cookers,Commercial Kitchen Machines & Dishwashers > Cooking Equipment > Pasta Cookers,3,Cooking Equipment,https://media.nisbets.com/asset/au/category/grid_large/12882.jpg,0,Yes
Bratt Pans,bratt-pans,9306,commercial-kitchen-machines/cooking-equipment/bratt-pans,Commercial Kitchen Machines & Dishwashers > Cooking Equipment > Bratt Pans,3,Cooking Equipment,https://media.nisbets.com/asset/au/category/grid_large/9306.jpg,0,Yes
Pizza Ovens,pizza-ovens,12257,commercial-kitchen-machines/cooking-equipment/pizza-ovens,Commercial Kitchen Machines & Dishwashers > Cooking Equipment > Pizza Ovens,3,Cooking Equipment,https://media.nisbets.com/asset/au/category/grid_large/12257.jpg,0,Yes
Crockery Dispensers and Warmers,crockery-dispensers-and-warmers,12340,commercial-kitchen-machines/servery-and-display-machines/crockery-dispensers-and-warmers,Commercial Kitchen Machines & Dishwashers > Servery and Display Machines > Crockery Dispensers and Warmers,3,Servery and Display Machines,https://media.nisbets.com/asset/au/category/grid_large/12340.jpg,0,Yes
Banquet Carts,banquet-carts,14076,commercial-kitchen-machines/servery-and-display-machines/banquet-carts,Commercial Kitchen Machines & Dishwashers > Servery and Display Machines > Banquet Carts,3,Servery and Display Machines,https://media.nisbets.com/asset/au/category/grid_large/14076.jpg,0,Yes
Bains-Marie,bains-marie,1569,commercial-kitchen-machines/servery-and-display-machines/bains-marie,Commercial Kitchen Machines & Dishwashers > Servery and Display Machines > Bains-Marie,3,Servery and Display Machines,https://media.nisbets.com/asset/au/category/grid_large/1569.jpg,0,Yes
Soup Kettles and Warmers,soup-kettles-and-warmers,1559,commercial-kitchen-machines/servery-and-display-machines/soup-kettles-and-warmers,Commercial Kitchen Machines & Dishwashers > Servery and Display Machines > Soup Kettles and Warmers,3,Servery and Display Machines,https://media.nisbets.com/asset/au/category/grid_large/1559.jpg,0,Yes
Food Merchandisers,food-merchandisers,5689,commercial-kitchen-machines/servery-and-display-machines/food-merchandisers,Commercial Kitchen Machines & Dishwashers > Servery and Display Machines > Food Merchandisers,3,Servery and Display Machines,https://media.nisbets.com/asset/au/category/grid_large/5689.jpg,0,Yes
Food Display and Gantry,food-display-and-gantry,S122,commercial-kitchen-machines/servery-and-display-machines/food-display-and-gantry,Commercial Kitchen Machines & Dishwashers > Servery and Display Machines > Food Display and Gantry,3,Servery and Display Machines,https://media.nisbets.com/asset/au/category/grid_large/s122.jpg,0,Yes
Dishwashers,dishwashers,12289,commercial-kitchen-machines/dishwashers-and-glasswashers/dishwashers,Commercial Kitchen Machines & Dishwashers > Dishwashers and Glasswashers > Dishwashers,3,Dishwashers and Glasswashers,https://media.nisbets.com/asset/au/category/grid_large/12289.jpg,0,Yes
Glasswashers,glasswashers,10044,commercial-kitchen-machines/dishwashers-and-glasswashers/glasswashers,Commercial Kitchen Machines & Dishwashers > Dishwashers and Glasswashers > Glasswashers,3,Dishwashers and Glasswashers,https://media.nisbets.com/asset/au/category/grid_large/10044.jpg,0,Yes
Pot Washers,pot-washers,13212,commercial-kitchen-machines/dishwashers-and-glasswashers/pot-washers,Commercial Kitchen Machines & Dishwashers > Dishwashers and Glasswashers > Pot Washers,3,Dishwashers and Glasswashers,https://media.nisbets.com/asset/au/category/grid_large/13212.jpg,0,Yes
Cutlery Polishers,cutlery-polishers,13326,commercial-kitchen-machines/dishwashers-and-glasswashers/cutlery-polishers,Commercial Kitchen Machines & Dishwashers > Dishwashers and Glasswashers > Cutlery Polishers,3,Dishwashers and Glasswashers,https://media.nisbets.com/asset/au/category/grid_large/13326.jpg,0,Yes
Dishwasher Tables and Sinks,dishwasher-tables-and-sinks,13014,commercial-kitchen-machines/dishwashers-and-glasswashers/dishwasher-tables-and-sinks,Commercial Kitchen Machines & Dishwashers > Dishwashers and Glasswashers > Dishwasher Tables and Sinks,3,Dishwashers and Glasswashers,https://media.nisbets.com/asset/au/category/grid_large/13014.jpg,0,Yes
Warewashing Baskets and Racks,warewashing-baskets-and-racks,13161,commercial-kitchen-machines/dishwashers-and-glasswashers/warewashing-baskets-and-racks,Commercial Kitchen Machines & Dishwashers > Dishwashers and Glasswashers > Warewashing Baskets and Racks,3,Dishwashers and Glasswashers,https://media.nisbets.com/asset/au/category/grid_large/13161.jpg,0,Yes
Warewashing Chemicals,warewashing-chemicals,12158,commercial-kitchen-machines/dishwashers-and-glasswashers/warewashing-chemicals,Commercial Kitchen Machines & Dishwashers > Dishwashers and Glasswashers > Warewashing Chemicals,3,Dishwashers and Glasswashers,https://media.nisbets.com/asset/au/category/grid_large/12158.jpg,0,Yes
Commercial Washers,commercial-washers,14308,commercial-kitchen-machines/commercial-laundry-equipment/commercial-washers,Commercial Kitchen Machines & Dishwashers > Commercial Laundry Equipment > Commercial Washers,3,Commercial Laundry Equipment,https://media.nisbets.com/asset/au/category/grid_large/14308.jpg,0,Yes
Commercial Dryers,commercial-dryers,14309,commercial-kitchen-machines/commercial-laundry-equipment/commercial-dryers,Commercial Kitchen Machines & Dishwashers > Commercial Laundry Equipment > Commercial Dryers,3,Commercial Laundry Equipment,https://media.nisbets.com/asset/au/category/grid_large/14309.jpg,0,Yes
Merrychef Spares and Accessories,merrychef-spares-and-accessories,15321,commercial-kitchen-machines/spares--accessories/merrychef-spares-and-accessories,Commercial Kitchen Machines & Dishwashers > Spares & Accessories > Merrychef Spares and Accessories,3,Spares & Accessories,https://media.nisbets.com/asset/au/category/grid_large/15321.jpg,0,Yes
Apuro Spares,apuro-spares,12336,commercial-kitchen-machines/spares--accessories/apuro-spares,Commercial Kitchen Machines & Dishwashers > Spares & Accessories > Apuro Spares,3,Spares & Accessories,https://media.nisbets.com/asset/au/category/grid_large/12336.jpg,0,Yes
Blue Seal Spares and Accessories,blue-seal-spares-and-accessories,8090,commercial-kitchen-machines/spares--accessories/blue-seal-spares-and-accessories,Commercial Kitchen Machines & Dishwashers > Spares & Accessories > Blue Seal Spares and Accessories,3,Spares & Accessories,https://media.nisbets.com/asset/au/category/grid_large/8090.jpg,0,Yes
Bolero Spares and Accessories,bolero-spares-and-accessories,10189,commercial-kitchen-machines/spares--accessories/bolero-spares-and-accessories,Commercial Kitchen Machines & Dishwashers > Spares & Accessories > Bolero Spares and Accessories,3,Spares & Accessories,https://media.nisbets.com/asset/au/category/grid_large/10189.jpg,0,Yes
Caterlite Spare Parts,caterlite-spare-parts,13892,commercial-kitchen-machines/spares--accessories/caterlite-spare-parts,Commercial Kitchen Machines & Dishwashers > Spares & Accessories > Caterlite Spare Parts,3,Spares & Accessories,https://media.nisbets.com/asset/au/category/grid_large/13892.jpg,0,Yes
Convotherm Spares and Accessories,convotherm-spares-and-accessories,13434,commercial-kitchen-machines/spares--accessories/convotherm-spares-and-accessories,Commercial Kitchen Machines & Dishwashers > Spares & Accessories > Convotherm Spares and Accessories,3,Spares & Accessories,https://media.nisbets.com/asset/au/category/grid_large/13434.jpg,0,Yes
Moffat Spares and Accessories,moffat-spares-and-accessories,14796,commercial-kitchen-machines/spares--accessories/moffat-spares-and-accessories,Commercial Kitchen Machines & Dishwashers > Spares & Accessories > Moffat Spares and Accessories,3,Spares & Accessories,https://media.nisbets.com/asset/au/category/grid_large/14796.jpg,0,Yes
Olympia Spare Parts,olympia-spare-parts,13342,commercial-kitchen-machines/spares--accessories/olympia-spare-parts,Commercial Kitchen Machines & Dishwashers > Spares & Accessories > Olympia Spare Parts,3,Spares & Accessories,https://media.nisbets.com/asset/au/category/grid_large/13342.jpg,0,Yes
Rowlett Spare Parts,rowlett-spare-parts,13648,commercial-kitchen-machines/spares--accessories/rowlett-spare-parts,Commercial Kitchen Machines & Dishwashers > Spares & Accessories > Rowlett Spare Parts,3,Spares & Accessories,https://media.nisbets.com/asset/au/category/grid_large/13648.jpg,0,Yes
Thor Spares and Accessories,thor-spares-and-accessories,12934,commercial-kitchen-machines/spares--accessories/thor-spares-and-accessories,Commercial Kitchen Machines & Dishwashers > Spares & Accessories > Thor Spares and Accessories,3,Spares & Accessories,https://media.nisbets.com/asset/au/category/grid_large/12934.jpg,0,Yes
Turbofan Spares and Accessories,turbofan-spares-and-accessories,13151,commercial-kitchen-machines/spares--accessories/turbofan-spares-and-accessories,Commercial Kitchen Machines & Dishwashers > Spares & Accessories > Turbofan Spares and Accessories,3,Spares & Accessories,https://media.nisbets.com/asset/au/category/grid_large/13151.jpg,0,Yes
Waring Spares and Accessories,waring-spares-and-accessories,12100,commercial-kitchen-machines/spares--accessories/waring-spares-and-accessories,Commercial Kitchen Machines & Dishwashers > Spares & Accessories > Waring Spares and Accessories,3,Spares & Accessories,https://media.nisbets.com/asset/au/category/grid_large/12100.jpg,0,Yes
Winterhalter Spares and Accessories,winterhalter-spares-and-accessories,13653,commercial-kitchen-machines/spares--accessories/winterhalter-spares-and-accessories,Commercial Kitchen Machines & Dishwashers > Spares & Accessories > Winterhalter Spares and Accessories,3,Spares & Accessories,https://media.nisbets.com/asset/au/category/grid_large/13653.jpg,0,Yes
Cambro Spares and Accessories,cambro-spares-and-accessories,15111,commercial-kitchen-machines/spares--accessories/cambro-spares-and-accessories,Commercial Kitchen Machines & Dishwashers > Spares & Accessories > Cambro Spares and Accessories,3,Spares & Accessories,https://media.nisbets.com/asset/au/category/grid_large/15111.jpg,0,Yes
Coast Spares and Accessories,coast-spares-and-accessories,14795,commercial-kitchen-machines/spares--accessories/coast-spares-and-accessories,Commercial Kitchen Machines & Dishwashers > Spares & Accessories > Coast Spares and Accessories,3,Spares & Accessories,https://media.nisbets.com/asset/au/category/grid_large/14795.jpg,0,Yes
Dynamic Spares and Accessories,dynamic-spares-and-accessories,12031,commercial-kitchen-machines/spares--accessories/dynamic-spares-and-accessories,Commercial Kitchen Machines & Dishwashers > Spares & Accessories > Dynamic Spares and Accessories,3,Spares & Accessories,https://media.nisbets.com/asset/au/category/grid_large/12031.jpg,0,Yes
Eazyzap Spares and Accessories,eazyzap-spares-and-accessories,10989,commercial-kitchen-machines/spares--accessories/eazyzap-spares-and-accessories,Commercial Kitchen Machines & Dishwashers > Spares & Accessories > Eazyzap Spares and Accessories,3,Spares & Accessories,https://media.nisbets.com/asset/au/category/grid_large/10989.jpg,0,Yes
Goldstein Spares and Accessories,goldstein-spares-and-accessories,15381,commercial-kitchen-machines/spares--accessories/goldstein-spares-and-accessories,Commercial Kitchen Machines & Dishwashers > Spares & Accessories > Goldstein Spares and Accessories,3,Spares & Accessories,https://media.nisbets.com/asset/au/category/grid_large/15381.jpg,0,Yes
Hoshizaki Spares and Accessories,hoshizaki-spares-and-accessories,13410,commercial-kitchen-machines/spares--accessories/hoshizaki-spares-and-accessories,Commercial Kitchen Machines & Dishwashers > Spares & Accessories > Hoshizaki Spares and Accessories,3,Spares & Accessories,https://media.nisbets.com/asset/au/category/grid_large/13410.jpg,0,Yes
ITV Spares and Accessories,itv-spares-and-accessories,15110,commercial-kitchen-machines/spares--accessories/itv-spares-and-accessories,Commercial Kitchen Machines & Dishwashers > Spares & Accessories > ITV Spares and Accessories,3,Spares & Accessories,https://media.nisbets.com/asset/au/category/grid_large/15110.jpg,0,Yes
Imperia Spares and Accessories,imperia-spares-and-accessories,4414,commercial-kitchen-machines/spares--accessories/imperia-spares-and-accessories,Commercial Kitchen Machines & Dishwashers > Spares & Accessories > Imperia Spares and Accessories,3,Spares & Accessories,https://media.nisbets.com/asset/au/category/grid_large/4414.jpg,0,Yes
Jantex Spares and Accessories,jantex-spares-and-accessories,13420,commercial-kitchen-machines/spares--accessories/jantex-spares-and-accessories,Commercial Kitchen Machines & Dishwashers > Spares & Accessories > Jantex Spares and Accessories,3,Spares & Accessories,https://media.nisbets.com/asset/au/category/grid_large/13420.jpg,0,Yes
Menumaster Spares and Accessories,menumaster-spares-and-accessories,14251,commercial-kitchen-machines/spares--accessories/menumaster-spares-and-accessories,Commercial Kitchen Machines & Dishwashers > Spares & Accessories > Menumaster Spares and Accessories,3,Spares & Accessories,https://media.nisbets.com/asset/au/category/grid_large/14251.jpg,0,Yes
Polar Spares and Accessories,polar-spares-and-accessories,8105,commercial-kitchen-machines/spares--accessories/polar-spares-and-accessories,Commercial Kitchen Machines & Dishwashers > Spares & Accessories > Polar Spares and Accessories,3,Spares & Accessories,https://media.nisbets.com/asset/au/category/grid_large/8105.jpg,0,Yes
Robot Coupe,robot-coupe,S249,commercial-kitchen-machines/spares--accessories/robot-coupe,Commercial Kitchen Machines & Dishwashers > Spares & Accessories > Robot Coupe,3,Spares & Accessories,https://media.nisbets.com/asset/au/category/grid_large/s249.jpg,0,Yes
SKOPE Spares and Accessories,skope-spares-and-accessories,14219,commercial-kitchen-machines/spares--accessories/skope-spares-and-accessories,Commercial Kitchen Machines & Dishwashers > Spares & Accessories > SKOPE Spares and Accessories,3,Spares & Accessories,https://media.nisbets.com/asset/au/category/grid_large/14219.jpg,0,Yes
Sammic Spares and Accessories,sammic-spares-and-accessories,13609,commercial-kitchen-machines/spares--accessories/sammic-spares-and-accessories,Commercial Kitchen Machines & Dishwashers > Spares & Accessories > Sammic Spares and Accessories,3,Spares & Accessories,https://media.nisbets.com/asset/au/category/grid_large/13609.jpg,0,Yes
Tormek Spares and Accessories,tormek-spares-and-accessories,15236,commercial-kitchen-machines/spares--accessories/tormek-spares-and-accessories,Commercial Kitchen Machines & Dishwashers > Spares & Accessories > Tormek Spares and Accessories,3,Spares & Accessories,https://media.nisbets.com/asset/au/category/grid_large/15236.jpg,0,Yes
Vitamix Spares and Accessories,vitamix-spares-and-accessories,13599,commercial-kitchen-machines/spares--accessories/vitamix-spares-and-accessories,Commercial Kitchen Machines & Dishwashers > Spares & Accessories > Vitamix Spares and Accessories,3,Spares & Accessories,https://media.nisbets.com/asset/au/category/grid_large/13599.jpg,0,Yes
Vito Spares & Accessories,vito-spares--accessories,13585,commercial-kitchen-machines/spares--accessories/vito-spares--accessories,Commercial Kitchen Machines & Dishwashers > Spares & Accessories > Vito Spares & Accessories,3,Spares & Accessories,https://media.nisbets.com/asset/au/category/grid_large/13585.jpg,0,Yes
Vogue Spares and Accessories,vogue-spares-and-accessories,10197,commercial-kitchen-machines/spares--accessories/vogue-spares-and-accessories,Commercial Kitchen Machines & Dishwashers > Spares & Accessories > Vogue Spares and Accessories,3,Spares & Accessories,https://media.nisbets.com/asset/au/category/grid_large/10197.jpg,0,Yes
Washtech by Moffat Spares & Accessories,washtech-by-moffat-spares--accessories,15400,commercial-kitchen-machines/spares--accessories/washtech-by-moffat-spares--accessories,Commercial Kitchen Machines & Dishwashers > Spares & Accessories > Washtech by Moffat Spares & Accessories,3,Spares & Accessories,https://media.nisbets.com/asset/au/category/grid_large/15400.jpg,0,Yes
3monkeez Spares and Accessories,3monkeez-spares-and-accessories,14909,commercial-kitchen-machines/spares--accessories/3monkeez-spares-and-accessories,Commercial Kitchen Machines & Dishwashers > Spares & Accessories > 3monkeez Spares and Accessories,3,Spares & Accessories,https://media.nisbets.com/asset/au/category/grid_large/14909.jpg,0,Yes
Nisbets Essentials Spare Parts,nisbets-essentials-spare-parts,14471,commercial-kitchen-machines/spares--accessories/nisbets-essentials-spare-parts,Commercial Kitchen Machines & Dishwashers > Spares & Accessories > Nisbets Essentials Spare Parts,3,Spares & Accessories,https://media.nisbets.com/asset/au/category/grid_large/14471.jpg,0,Yes
Prep Counters,prep-counters,12604,refrigeration-and-ice-machines/fridges/prep-counters,Refrigeration & Ice Machines > Fridges > Prep Counters,3,Fridges,https://media.nisbets.com/asset/au/category/grid_large/12604.jpg,0,Yes
Low Drawer Fridges,low-drawer-fridges,13998,refrigeration-and-ice-machines/fridges/low-drawer-fridges,Refrigeration & Ice Machines > Fridges > Low Drawer Fridges,3,Fridges,https://media.nisbets.com/asset/au/category/grid_large/13998.jpg,0,Yes
Counter Fridges,counter-fridges,12598,refrigeration-and-ice-machines/fridges/counter-fridges,Refrigeration & Ice Machines > Fridges > Counter Fridges,3,Fridges,https://media.nisbets.com/asset/au/category/grid_large/12598.jpg,0,Yes
Upright Fridges,upright-fridges,12590,refrigeration-and-ice-machines/fridges/upright-fridges,Refrigeration & Ice Machines > Fridges > Upright Fridges,3,Fridges,https://media.nisbets.com/asset/au/category/grid_large/12590.jpg,0,Yes
Under Counter Fridges,under-counter-fridges,12609,refrigeration-and-ice-machines/fridges/under-counter-fridges,Refrigeration & Ice Machines > Fridges > Under Counter Fridges,3,Fridges,https://media.nisbets.com/asset/au/category/grid_large/12609.jpg,0,Yes
Upright Freezers,upright-freezers,12635,refrigeration-and-ice-machines/freezers/upright-freezers,Refrigeration & Ice Machines > Freezers > Upright Freezers,3,Freezers,https://media.nisbets.com/asset/au/category/grid_large/12635.jpg,0,Yes
Counter Freezers,counter-freezers,12893,refrigeration-and-ice-machines/freezers/counter-freezers,Refrigeration & Ice Machines > Freezers > Counter Freezers,3,Freezers,https://media.nisbets.com/asset/au/category/grid_large/12893.jpg,0,Yes
Under Counter Freezers,under-counter-freezers,12628,refrigeration-and-ice-machines/freezers/under-counter-freezers,Refrigeration & Ice Machines > Freezers > Under Counter Freezers,3,Freezers,https://media.nisbets.com/asset/au/category/grid_large/12628.jpg,0,Yes
Chest Freezers,chest-freezers,12884,refrigeration-and-ice-machines/freezers/chest-freezers,Refrigeration & Ice Machines > Freezers > Chest Freezers,3,Freezers,https://media.nisbets.com/asset/au/category/grid_large/12884.jpg,0,Yes
Modular Ice Machines,modular-ice-machines,14257,refrigeration-and-ice-machines/ice-machines/modular-ice-machines,Refrigeration & Ice Machines > Ice Machines > Modular Ice Machines,3,Ice Machines,https://media.nisbets.com/asset/au/category/grid_large/14257.jpg,0,Yes
Ice Crushers,ice-crushers,10579,refrigeration-and-ice-machines/ice-machines/ice-crushers,Refrigeration & Ice Machines > Ice Machines > Ice Crushers,3,Ice Machines,https://media.nisbets.com/asset/au/category/grid_large/10579.jpg,0,Yes
Ice Bins,ice-bins,13860,refrigeration-and-ice-machines/ice-machines/ice-bins,Refrigeration & Ice Machines > Ice Machines > Ice Bins,3,Ice Machines,https://media.nisbets.com/asset/au/category/grid_large/13860.jpg,0,Yes
Ice Makers,ice-makers,5513,refrigeration-and-ice-machines/ice-machines/ice-makers,Refrigeration & Ice Machines > Ice Machines > Ice Makers,3,Ice Machines,https://media.nisbets.com/asset/au/category/grid_large/5513.jpg,0,Yes
Water Glasses,water-glasses,13460,tableware-and-bar-supplies/glassware/hi-balls-and-tumblers/water-glasses,Tableware & Bar Supplies > Glassware > Hi Balls and Tumblers > Water Glasses,4,Hi Balls and Tumblers,https://media.nisbets.com/asset/au/category/grid_large/13460.jpg,0,Yes
Tumblers,tumblers,12752,tableware-and-bar-supplies/glassware/hi-balls-and-tumblers/tumblers,Tableware & Bar Supplies > Glassware > Hi Balls and Tumblers > Tumblers,4,Hi Balls and Tumblers,https://media.nisbets.com/asset/au/category/grid_large/12752.jpg,0,Yes
Hi Ball Glasses,hi-ball-glasses,12755,tableware-and-bar-supplies/glassware/hi-balls-and-tumblers/hi-ball-glasses,Tableware & Bar Supplies > Glassware > Hi Balls and Tumblers > Hi Ball Glasses,4,Hi Balls and Tumblers,https://media.nisbets.com/asset/au/category/grid_large/12755.jpg,0,Yes
"Hi Ball, Tumblers and Water Glasses",hi-ball-tumblers-and-water-glasses,12751,tableware-and-bar-supplies/glassware/hi-balls-and-tumblers/hi-ball-tumblers-and-water-glasses,"Tableware & Bar Supplies > Glassware > Hi Balls and Tumblers > Hi Ball, Tumblers and Water Glasses",4,Hi Balls and Tumblers,https://media.nisbets.com/asset/au/category/grid_large/12751.jpg,0,Yes
Toughened Beer Glasses,toughened-beer-glasses,12760,tableware-and-bar-supplies/glassware/beer-glassware/toughened-beer-glasses,Tableware & Bar Supplies > Glassware > Beer Glassware > Toughened Beer Glasses,4,Beer Glassware,https://media.nisbets.com/asset/au/category/grid_large/12760.jpg,0,Yes
Stemmed Beer Glasses,stemmed-beer-glasses,10160,tableware-and-bar-supplies/glassware/beer-glassware/stemmed-beer-glasses,Tableware & Bar Supplies > Glassware > Beer Glassware > Stemmed Beer Glasses,4,Beer Glassware,https://media.nisbets.com/asset/au/category/grid_large/10160.jpg,0,Yes
Schooner Glasses,schooner-glasses,14680,tableware-and-bar-supplies/glassware/beer-glassware/schooner-glasses,Tableware & Bar Supplies > Glassware > Beer Glassware > Schooner Glasses,4,Beer Glassware,https://media.nisbets.com/asset/au/category/grid_large/14680.jpg,0,Yes
Pot Glasses,pot-glasses,14681,tableware-and-bar-supplies/glassware/beer-glassware/pot-glasses,Tableware & Bar Supplies > Glassware > Beer Glassware > Pot Glasses,4,Beer Glassware,https://media.nisbets.com/asset/au/category/grid_large/14681.jpg,0,Yes
Pint Glasses,pint-glasses,14679,tableware-and-bar-supplies/glassware/beer-glassware/pint-glasses,Tableware & Bar Supplies > Glassware > Beer Glassware > Pint Glasses,4,Beer Glassware,https://media.nisbets.com/asset/au/category/grid_large/14679.jpg,0,Yes
Pilsner Glasses,pilsner-glasses,5749,tableware-and-bar-supplies/glassware/beer-glassware/pilsner-glasses,Tableware & Bar Supplies > Glassware > Beer Glassware > Pilsner Glasses,4,Beer Glassware,https://media.nisbets.com/asset/au/category/grid/5749.jpg,0,Yes
Glass Beer Mugs,glass-beer-mugs,11972,tableware-and-bar-supplies/glassware/beer-glassware/glass-beer-mugs,Tableware & Bar Supplies > Glassware > Beer Glassware > Glass Beer Mugs,4,Beer Glassware,https://media.nisbets.com/asset/au/category/grid_large/11972.jpg,0,Yes
Craft Beer Glasses,craft-beer-glasses,14682,tableware-and-bar-supplies/glassware/beer-glassware/craft-beer-glasses,Tableware & Bar Supplies > Glassware > Beer Glassware > Craft Beer Glasses,4,Beer Glassware,https://media.nisbets.com/asset/au/category/grid_large/14682.jpg,0,Yes
Conical Glasses,conical-glasses,9146,tableware-and-bar-supplies/glassware/beer-glassware/conical-glasses,Tableware & Bar Supplies > Glassware > Beer Glassware > Conical Glasses,4,Beer Glassware,https://media.nisbets.com/asset/au/category/grid_large/9146.jpg,0,Yes
Beer and Ale Glasses,beer-and-ale-glasses,14669,tableware-and-bar-supplies/glassware/beer-glassware/beer-and-ale-glasses,Tableware & Bar Supplies > Glassware > Beer Glassware > Beer and Ale Glasses,4,Beer Glassware,https://media.nisbets.com/asset/au/category/grid_large/14669.jpg,0,Yes
White Wine Glasses,white-wine-glasses,14254,tableware-and-bar-supplies/glassware/wine-glasses/white-wine-glasses,Tableware & Bar Supplies > Glassware > Wine Glasses > White Wine Glasses,4,Wine Glasses,https://media.nisbets.com/asset/au/category/grid_large/14254.jpg,0,Yes
Stolzle Wine Glasses,stolzle-wine-glasses,13645,tableware-and-bar-supplies/glassware/wine-glasses/stolzle-wine-glasses,Tableware & Bar Supplies > Glassware > Wine Glasses > Stolzle Wine Glasses,4,Wine Glasses,https://media.nisbets.com/asset/au/category/grid_large/13645.jpg,0,Yes
Stemmed and Stemless Wine Glasses,stemmed-and-stemless-wine-glasses,12754,tableware-and-bar-supplies/glassware/wine-glasses/stemmed-and-stemless-wine-glasses,Tableware & Bar Supplies > Glassware > Wine Glasses > Stemmed and Stemless Wine Glasses,4,Wine Glasses,https://media.nisbets.com/asset/au/category/grid_large/12754.jpg,0,Yes
Stemless Wine Glasses,stemless-wine-glasses,14278,tableware-and-bar-supplies/glassware/wine-glasses/stemless-wine-glasses,Tableware & Bar Supplies > Glassware > Wine Glasses > Stemless Wine Glasses,4,Wine Glasses,https://media.nisbets.com/asset/au/category/grid_large/14278.jpg,0,Yes
Schott Zwiesel Wine Glasses,schott-zwiesel-wine-glasses,12766,tableware-and-bar-supplies/glassware/wine-glasses/schott-zwiesel-wine-glasses,Tableware & Bar Supplies > Glassware > Wine Glasses > Schott Zwiesel Wine Glasses,4,Wine Glasses,https://media.nisbets.com/asset/au/category/grid_large/12766.jpg,0,Yes
Red Wine Glasses,red-wine-glasses,14253,tableware-and-bar-supplies/glassware/wine-glasses/red-wine-glasses,Tableware & Bar Supplies > Glassware > Wine Glasses > Red Wine Glasses,4,Wine Glasses,https://media.nisbets.com/asset/au/category/grid_large/14253.jpg,0,Yes
Polysafe Wine Glasses,polysafe-wine-glasses,14823,tableware-and-bar-supplies/glassware/wine-glasses/polysafe-wine-glasses,Tableware & Bar Supplies > Glassware > Wine Glasses > Polysafe Wine Glasses,4,Wine Glasses,https://media.nisbets.com/asset/au/category/grid_large/14823.jpg,0,Yes
Olympia Wine Glasses,olympia-wine-glasses,12762,tableware-and-bar-supplies/glassware/wine-glasses/olympia-wine-glasses,Tableware & Bar Supplies > Glassware > Wine Glasses > Olympia Wine Glasses,4,Wine Glasses,https://media.nisbets.com/asset/au/category/grid_large/12762.jpg,0,Yes
Ocean Wine Glasses,ocean-wine-glasses,13278,tableware-and-bar-supplies/glassware/wine-glasses/ocean-wine-glasses,Tableware & Bar Supplies > Glassware > Wine Glasses > Ocean Wine Glasses,4,Wine Glasses,https://media.nisbets.com/asset/au/category/grid_large/13278.jpg,0,Yes
Nude Wine Glasses,nude-wine-glasses,14637,tableware-and-bar-supplies/glassware/wine-glasses/nude-wine-glasses,Tableware & Bar Supplies > Glassware > Wine Glasses > Nude Wine Glasses,4,Wine Glasses,https://media.nisbets.com/asset/au/category/grid_large/14637.jpg,0,Yes
Nadir Manhattan Wine Glasses,nadir-manhattan-wine-glasses,12274,tableware-and-bar-supplies/glassware/wine-glasses/nadir-manhattan-wine-glasses,Tableware & Bar Supplies > Glassware > Wine Glasses > Nadir Manhattan Wine Glasses,4,Wine Glasses,https://media.nisbets.com/asset/au/category/grid_large/12274.jpg,0,Yes
Libbey Wine Glasses,libbey-wine-glasses,12767,tableware-and-bar-supplies/glassware/wine-glasses/libbey-wine-glasses,Tableware & Bar Supplies > Glassware > Wine Glasses > Libbey Wine Glasses,4,Wine Glasses,https://media.nisbets.com/asset/au/category/grid_large/12767.jpg,0,Yes
Chef and Sommelier Wine Glasses,chef-and-sommelier-wine-glasses,12764,tableware-and-bar-supplies/glassware/wine-glasses/chef-and-sommelier-wine-glasses,Tableware & Bar Supplies > Glassware > Wine Glasses > Chef and Sommelier Wine Glasses,4,Wine Glasses,https://media.nisbets.com/asset/au/category/grid_large/12764.jpg,0,Yes
Arcoroc Wine Glasses,arcoroc-wine-glasses,12765,tableware-and-bar-supplies/glassware/wine-glasses/arcoroc-wine-glasses,Tableware & Bar Supplies > Glassware > Wine Glasses > Arcoroc Wine Glasses,4,Wine Glasses,https://media.nisbets.com/asset/au/category/grid_large/12765.jpg,0,Yes
Martini Glasses,martini-glasses,13883,tableware-and-bar-supplies/glassware/cocktail-glasses-and-jars/martini-glasses,Tableware & Bar Supplies > Glassware > Cocktail Glasses and Jars > Martini Glasses,4,Cocktail Glasses and Jars,https://media.nisbets.com/asset/au/category/grid_large/13883.jpg,0,Yes
Margarita Glasses,margarita-glasses,5750,tableware-and-bar-supplies/glassware/cocktail-glasses-and-jars/margarita-glasses,Tableware & Bar Supplies > Glassware > Cocktail Glasses and Jars > Margarita Glasses,4,Cocktail Glasses and Jars,https://media.nisbets.com/asset/au/category/grid_large/5750.jpg,0,Yes
Hurricane Glasses,hurricane-glasses,13835,tableware-and-bar-supplies/glassware/cocktail-glasses-and-jars/hurricane-glasses,Tableware & Bar Supplies > Glassware > Cocktail Glasses and Jars > Hurricane Glasses,4,Cocktail Glasses and Jars,https://media.nisbets.com/asset/au/category/grid_large/13835.jpg,0,Yes
Cocktails Glasses,cocktails-glasses,13841,tableware-and-bar-supplies/glassware/cocktail-glasses-and-jars/cocktails-glasses,Tableware & Bar Supplies > Glassware > Cocktail Glasses and Jars > Cocktails Glasses,4,Cocktail Glasses and Jars,https://media.nisbets.com/asset/au/category/grid_large/13841.jpg,0,Yes
Cocktail Mixing Glasses,cocktail-mixing-glasses,13838,tableware-and-bar-supplies/glassware/cocktail-glasses-and-jars/cocktail-mixing-glasses,Tableware & Bar Supplies > Glassware > Cocktail Glasses and Jars > Cocktail Mixing Glasses,4,Cocktail Glasses and Jars,https://media.nisbets.com/asset/au/category/grid_large/13838.jpg,0,Yes
Cocktail Jars,cocktail-jars,13842,tableware-and-bar-supplies/glassware/cocktail-glasses-and-jars/cocktail-jars,Tableware & Bar Supplies > Glassware > Cocktail Glasses and Jars > Cocktail Jars,4,Cocktail Glasses and Jars,https://media.nisbets.com/asset/au/category/grid_large/13842.jpg,0,Yes
Plastic Jugs,plastic-jugs,12761,tableware-and-bar-supplies/glassware/jugs-and-decanters/plastic-jugs,Tableware & Bar Supplies > Glassware > Jugs and Decanters > Plastic Jugs,4,Jugs and Decanters,https://media.nisbets.com/asset/au/category/grid_large/12761.jpg,0,Yes
Glass Jugs,glass-jugs,11739,tableware-and-bar-supplies/glassware/jugs-and-decanters/glass-jugs,Tableware & Bar Supplies > Glassware > Jugs and Decanters > Glass Jugs,4,Jugs and Decanters,https://media.nisbets.com/asset/au/category/grid_large/11739.jpg,0,Yes
Glass Bottles,glass-bottles,11504,tableware-and-bar-supplies/glassware/jugs-and-decanters/glass-bottles,Tableware & Bar Supplies > Glassware > Jugs and Decanters > Glass Bottles,4,Jugs and Decanters,https://media.nisbets.com/asset/au/category/grid_large/11504.jpg,0,Yes
Carafes and Decanters,carafes-and-decanters,5767,tableware-and-bar-supplies/glassware/jugs-and-decanters/carafes-and-decanters,Tableware & Bar Supplies > Glassware > Jugs and Decanters > Carafes and Decanters,4,Jugs and Decanters,https://media.nisbets.com/asset/au/category/grid_large/5767.jpg,0,Yes
"Table Numbers, Holders and Signs",table-numbers-holders-and-signs,8032,tableware-and-bar-supplies/tabletop/table-mats-signs-and-numbers/table-numbers-holders-and-signs,"Tableware & Bar Supplies > Tabletop > Table Mats, Signs and Numbers > Table Numbers, Holders and Signs",4,"Table Mats, Signs and Numbers",https://media.nisbets.com/asset/au/category/grid_large/8032.jpg,0,Yes
Sauce and Dressing Dispensers,sauce-and-dressing-dispensers,3075,tableware-and-bar-supplies/tabletop/cruets-and-condiments/sauce-and-dressing-dispensers,Tableware & Bar Supplies > Tabletop > Cruets and Condiments > Sauce and Dressing Dispensers,4,Cruets and Condiments,https://media.nisbets.com/asset/au/category/grid_large/3075.jpg,0,Yes
"Salt, Pepper and Vinegar Pots",salt-pepper-and-vinegar-pots,839,tableware-and-bar-supplies/tabletop/cruets-and-condiments/salt-pepper-and-vinegar-pots,"Tableware & Bar Supplies > Tabletop > Cruets and Condiments > Salt, Pepper and Vinegar Pots",4,Cruets and Condiments,https://media.nisbets.com/asset/au/category/grid_large/839.jpg,0,Yes
Cruet Racks and Table Organisers,cruet-racks-and-table-organisers,850,tableware-and-bar-supplies/tabletop/cruets-and-condiments/cruet-racks-and-table-organisers,Tableware & Bar Supplies > Tabletop > Cruets and Condiments > Cruet Racks and Table Organisers,4,Cruets and Condiments,https://media.nisbets.com/asset/au/category/grid_large/850.jpg,0,Yes
Contemporary Display,contemporary-display,11861,tableware-and-bar-supplies/tabletop/cruets-and-condiments/contemporary-display,Tableware & Bar Supplies > Tabletop > Cruets and Condiments > Contemporary Display,4,Cruets and Condiments,https://media.nisbets.com/asset/au/category/grid_large/11861.jpg,0,Yes
Coffee Plungers,coffee-plungers,10891,tableware-and-bar-supplies/beverage-service/coffee-plungers-and-pots/coffee-plungers,Tableware & Bar Supplies > Beverage Service > Coffee Plungers and Pots > Coffee Plungers,4,Coffee Plungers and Pots,https://media.nisbets.com/asset/au/category/grid_large/10891.jpg,0,Yes
Coffee Pots,coffee-pots,10881,tableware-and-bar-supplies/beverage-service/coffee-plungers-and-pots/coffee-pots,Tableware & Bar Supplies > Beverage Service > Coffee Plungers and Pots > Coffee Pots,4,Coffee Plungers and Pots,https://media.nisbets.com/asset/au/category/grid_large/10881.jpg,0,Yes
Stainless Steel Teapots,stainless-steel-teapots,10871,tableware-and-bar-supplies/beverage-service/teapots/stainless-steel-teapots,Tableware & Bar Supplies > Beverage Service > Teapots > Stainless Steel Teapots,4,Teapots,https://media.nisbets.com/asset/au/category/grid_large/10871.jpg,0,Yes
Ceramic Teapots,ceramic-teapots,13606,tableware-and-bar-supplies/beverage-service/teapots/ceramic-teapots,Tableware & Bar Supplies > Beverage Service > Teapots > Ceramic Teapots,4,Teapots,https://media.nisbets.com/asset/au/category/grid_large/13606.jpg,0,Yes
Glass Teapots,glass-teapots,13594,tableware-and-bar-supplies/beverage-service/teapots/glass-teapots,Tableware & Bar Supplies > Beverage Service > Teapots > Glass Teapots,4,Teapots,https://media.nisbets.com/asset/au/category/grid_large/13594.jpg,0,Yes
Vacuum Jugs,vacuum-jugs,10885,tableware-and-bar-supplies/beverage-service/jugs/vacuum-jugs,Tableware & Bar Supplies > Beverage Service > Jugs > Vacuum Jugs,4,Jugs,https://media.nisbets.com/asset/au/category/grid_large/10885.jpg,0,Yes
Milk Frothing Jugs and Pitchers,milk-frothing-jugs-and-pitchers,12021,tableware-and-bar-supplies/beverage-service/jugs/milk-frothing-jugs-and-pitchers,Tableware & Bar Supplies > Beverage Service > Jugs > Milk Frothing Jugs and Pitchers,4,Jugs,https://media.nisbets.com/asset/au/category/grid_large/12021.jpg,0,Yes
Milk Jugs and Creamers,milk-jugs-and-creamers,10873,tableware-and-bar-supplies/beverage-service/jugs/milk-jugs-and-creamers,Tableware & Bar Supplies > Beverage Service > Jugs > Milk Jugs and Creamers,4,Jugs,https://media.nisbets.com/asset/au/category/grid_large/10873.jpg,0,Yes
Water Jugs and Carafes,water-jugs-and-carafes,10890,tableware-and-bar-supplies/beverage-service/jugs/water-jugs-and-carafes,Tableware & Bar Supplies > Beverage Service > Jugs > Water Jugs and Carafes,4,Jugs,https://media.nisbets.com/asset/au/category/grid_large/10890.jpg,0,Yes
Coffee Machine Jugs,coffee-machine-jugs,13874,tableware-and-bar-supplies/beverage-service/jugs/coffee-machine-jugs,Tableware & Bar Supplies > Beverage Service > Jugs > Coffee Machine Jugs,4,Jugs,https://media.nisbets.com/asset/au/category/grid_large/13874.jpg,0,Yes
Barrista Tools,barrista-tools,13875,tableware-and-bar-supplies/beverage-service/tea-and-coffee-accessories/barrista-tools,Tableware & Bar Supplies > Beverage Service > Tea and Coffee Accessories > Barrista Tools,4,Tea and Coffee Accessories,https://media.nisbets.com/asset/au/category/grid_large/13875.jpg,0,Yes
"Tea, Cup and Condiment Holders",tea-cup-and-condiment-holders,10878,tableware-and-bar-supplies/beverage-service/tea-and-coffee-accessories/tea-cup-and-condiment-holders,"Tableware & Bar Supplies > Beverage Service > Tea and Coffee Accessories > Tea, Cup and Condiment Holders",4,Tea and Coffee Accessories,https://media.nisbets.com/asset/au/category/grid_large/10878.jpg,0,Yes
Sugar Bowls and Pourers,sugar-bowls-and-pourers,13876,tableware-and-bar-supplies/beverage-service/tea-and-coffee-accessories/sugar-bowls-and-pourers,Tableware & Bar Supplies > Beverage Service > Tea and Coffee Accessories > Sugar Bowls and Pourers,4,Tea and Coffee Accessories,https://media.nisbets.com/asset/au/category/grid_large/13876.jpg,0,Yes
Coffee Syrups,coffee-syrups,13989,tableware-and-bar-supplies/beverage-service/tea-and-coffee-accessories/coffee-syrups,Tableware & Bar Supplies > Beverage Service > Tea and Coffee Accessories > Coffee Syrups,4,Tea and Coffee Accessories,https://media.nisbets.com/asset/au/category/grid_large/13989.jpg,0,Yes
Whisks,whisks,287,kitchenware-and-storage/kitchen-utensils-and-tools/cooking-and-serving-utensils/whisks,Kitchenware & Storage > Kitchen Utensils and Tools > Cooking and Serving Utensils > Whisks,4,Cooking and Serving Utensils,https://media.nisbets.com/asset/au/category/grid_large/287.jpg,0,Yes
Tongs,tongs,202,kitchenware-and-storage/kitchen-utensils-and-tools/cooking-and-serving-utensils/tongs,Kitchenware & Storage > Kitchen Utensils and Tools > Cooking and Serving Utensils > Tongs,4,Cooking and Serving Utensils,https://media.nisbets.com/asset/au/category/grid_large/202.jpg,0,Yes
Spoons and Ladles,spoons-and-ladles,226,kitchenware-and-storage/kitchen-utensils-and-tools/cooking-and-serving-utensils/spoons-and-ladles,Kitchenware & Storage > Kitchen Utensils and Tools > Cooking and Serving Utensils > Spoons and Ladles,4,Cooking and Serving Utensils,https://media.nisbets.com/asset/au/category/grid_large/226.jpg,0,Yes
Spatulas and Turners,spatulas-and-turners,10704,kitchenware-and-storage/kitchen-utensils-and-tools/cooking-and-serving-utensils/spatulas-and-turners,Kitchenware & Storage > Kitchen Utensils and Tools > Cooking and Serving Utensils > Spatulas and Turners,4,Cooking and Serving Utensils,https://media.nisbets.com/asset/au/category/grid_large/10704.jpg,0,Yes
"Slicers, Lifters and Skimmers",slicers-lifters-and-skimmers,10737,kitchenware-and-storage/kitchen-utensils-and-tools/cooking-and-serving-utensils/slicers-lifters-and-skimmers,"Kitchenware & Storage > Kitchen Utensils and Tools > Cooking and Serving Utensils > Slicers, Lifters and Skimmers",4,Cooking and Serving Utensils,https://media.nisbets.com/asset/au/category/grid_large/10737.jpg,0,Yes
Potato Mashers and Ricers,potato-mashers-and-ricers,10756,kitchenware-and-storage/kitchen-utensils-and-tools/cooking-and-serving-utensils/potato-mashers-and-ricers,Kitchenware & Storage > Kitchen Utensils and Tools > Cooking and Serving Utensils > Potato Mashers and Ricers,4,Cooking and Serving Utensils,https://media.nisbets.com/asset/au/category/grid_large/10756.jpg,0,Yes
Kitchen Scissors and Secateurs,kitchen-scissors-and-secateurs,10742,kitchenware-and-storage/kitchen-utensils-and-tools/cooking-and-serving-utensils/kitchen-scissors-and-secateurs,Kitchenware & Storage > Kitchen Utensils and Tools > Cooking and Serving Utensils > Kitchen Scissors and Secateurs,4,Cooking and Serving Utensils,https://media.nisbets.com/asset/au/category/grid_large/10742.jpg,0,Yes
Ice Cream and Food Scoops,ice-cream-and-food-scoops,10754,kitchenware-and-storage/kitchen-utensils-and-tools/cooking-and-serving-utensils/ice-cream-and-food-scoops,Kitchenware & Storage > Kitchen Utensils and Tools > Cooking and Serving Utensils > Ice Cream and Food Scoops,4,Cooking and Serving Utensils,https://media.nisbets.com/asset/au/category/grid_large/10754.jpg,0,Yes
Squeeze Sauce Bottles and Dispensers,squeeze-sauce-bottles-and-dispensers,10381,kitchenware-and-storage/kitchen-utensils-and-tools/kitchen-tools/squeeze-sauce-bottles-and-dispensers,Kitchenware & Storage > Kitchen Utensils and Tools > Kitchen Tools > Squeeze Sauce Bottles and Dispensers,4,Kitchen Tools,https://media.nisbets.com/asset/au/category/grid_large/10381.jpg,0,Yes
Meat and Seafood Utensils,meat-and-seafood-utensils,264,kitchenware-and-storage/kitchen-utensils-and-tools/kitchen-tools/meat-and-seafood-utensils,Kitchenware & Storage > Kitchen Utensils and Tools > Kitchen Tools > Meat and Seafood Utensils,4,Kitchen Tools,https://media.nisbets.com/asset/au/category/grid_large/264.jpg,0,Yes
Kitchen Gadgets,kitchen-gadgets,14411,kitchenware-and-storage/kitchen-utensils-and-tools/kitchen-tools/kitchen-gadgets,Kitchenware & Storage > Kitchen Utensils and Tools > Kitchen Tools > Kitchen Gadgets,4,Kitchen Tools,https://media.nisbets.com/asset/au/category/grid_large/14411.jpg,0,Yes
Can Openers,can-openers,358,kitchenware-and-storage/kitchen-utensils-and-tools/kitchen-tools/can-openers,Kitchenware & Storage > Kitchen Utensils and Tools > Kitchen Tools > Can Openers,4,Kitchen Tools,https://media.nisbets.com/asset/au/category/grid_large/358.jpg,0,Yes
Wooden Butchers Block Chopping Boards,wooden-butchers-block-chopping-boards,1937,kitchenware-and-storage/kitchen-utensils-and-tools/chopping-boards/wooden-butchers-block-chopping-boards,Kitchenware & Storage > Kitchen Utensils and Tools > Chopping Boards > Wooden Butchers Block Chopping Boards,4,Chopping Boards,https://media.nisbets.com/asset/au/category/grid_large/1937.jpg,0,Yes
Low Density Chopping Boards,low-density-chopping-boards,158,kitchenware-and-storage/kitchen-utensils-and-tools/chopping-boards/low-density-chopping-boards,Kitchenware & Storage > Kitchen Utensils and Tools > Chopping Boards > Low Density Chopping Boards,4,Chopping Boards,https://media.nisbets.com/asset/au/category/grid_large/158.jpg,0,Yes
HDPE Cutting Boards,hdpe-cutting-boards,4308,kitchenware-and-storage/kitchen-utensils-and-tools/chopping-boards/hdpe-cutting-boards,Kitchenware & Storage > Kitchen Utensils and Tools > Chopping Boards > HDPE Cutting Boards,4,Chopping Boards,https://media.nisbets.com/asset/au/category/grid_large/4308.jpg,0,Yes
Coloured Chopping Board Sets,coloured-chopping-board-sets,11840,kitchenware-and-storage/kitchen-utensils-and-tools/chopping-boards/coloured-chopping-board-sets,Kitchenware & Storage > Kitchen Utensils and Tools > Chopping Boards > Coloured Chopping Board Sets,4,Chopping Boards,https://media.nisbets.com/asset/au/category/grid_large/11840.jpg,0,Yes
Chopping Board Racks and Accessories,chopping-board-racks-and-accessories,160,kitchenware-and-storage/kitchen-utensils-and-tools/chopping-boards/chopping-board-racks-and-accessories,Kitchenware & Storage > Kitchen Utensils and Tools > Chopping Boards > Chopping Board Racks and Accessories,4,Chopping Boards,https://media.nisbets.com/asset/au/category/grid_large/160.jpg,0,Yes
Kitchen Clocks and Timers,kitchen-clocks-and-timers,14440,kitchenware-and-storage/kitchen-utensils-and-tools/cooking-thermometers-and-kitchen-timers/kitchen-clocks-and-timers,Kitchenware & Storage > Kitchen Utensils and Tools > Cooking Thermometers and Kitchen Timers > Kitchen Clocks and Timers,4,Cooking Thermometers and Kitchen Timers,https://media.nisbets.com/asset/au/category/grid_large/14440.jpg,0,Yes
Infrared Thermometers,infrared-thermometers,1562,kitchenware-and-storage/kitchen-utensils-and-tools/cooking-thermometers-and-kitchen-timers/infrared-thermometers,Kitchenware & Storage > Kitchen Utensils and Tools > Cooking Thermometers and Kitchen Timers > Infrared Thermometers,4,Cooking Thermometers and Kitchen Timers,https://media.nisbets.com/asset/au/category/grid_large/1562.jpg,0,Yes
Fridge and Freezer Thermometers,fridge-and-freezer-thermometers,1551,kitchenware-and-storage/kitchen-utensils-and-tools/cooking-thermometers-and-kitchen-timers/fridge-and-freezer-thermometers,Kitchenware & Storage > Kitchen Utensils and Tools > Cooking Thermometers and Kitchen Timers > Fridge and Freezer Thermometers,4,Cooking Thermometers and Kitchen Timers,https://media.nisbets.com/asset/au/category/grid_large/1551.jpg,0,Yes
Digital Probe Thermometers ,digital-probe-thermometers,1707,kitchenware-and-storage/kitchen-utensils-and-tools/cooking-thermometers-and-kitchen-timers/digital-probe-thermometers,Kitchenware & Storage > Kitchen Utensils and Tools > Cooking Thermometers and Kitchen Timers > Digital Probe Thermometers ,4,Cooking Thermometers and Kitchen Timers,https://media.nisbets.com/asset/au/category/grid_large/1707.jpg,0,Yes
Cooking and Food Thermometers,cooking-and-food-thermometers,1550,kitchenware-and-storage/kitchen-utensils-and-tools/cooking-thermometers-and-kitchen-timers/cooking-and-food-thermometers,Kitchenware & Storage > Kitchen Utensils and Tools > Cooking Thermometers and Kitchen Timers > Cooking and Food Thermometers,4,Cooking Thermometers and Kitchen Timers,https://media.nisbets.com/asset/au/category/grid_large/1550.jpg,0,Yes
Conical Strainers and Chinois,conical-strainers-and-chinois,10710,kitchenware-and-storage/kitchen-utensils-and-tools/colanders-strainers-and-salad-spinners/conical-strainers-and-chinois,"Kitchenware & Storage > Kitchen Utensils and Tools > Colanders, Strainers and Salad Spinners > Conical Strainers and Chinois",4,"Colanders, Strainers and Salad Spinners",https://media.nisbets.com/asset/au/category/grid_large/10710.jpg,0,Yes
Commercial Salad Spinners,commercial-salad-spinners,353,kitchenware-and-storage/kitchen-utensils-and-tools/colanders-strainers-and-salad-spinners/commercial-salad-spinners,"Kitchenware & Storage > Kitchen Utensils and Tools > Colanders, Strainers and Salad Spinners > Commercial Salad Spinners",4,"Colanders, Strainers and Salad Spinners",https://media.nisbets.com/asset/au/category/grid_large/353.jpg,0,Yes
Colanders,colanders,11835,kitchenware-and-storage/kitchen-utensils-and-tools/colanders-strainers-and-salad-spinners/colanders,"Kitchenware & Storage > Kitchen Utensils and Tools > Colanders, Strainers and Salad Spinners > Colanders",4,"Colanders, Strainers and Salad Spinners",https://media.nisbets.com/asset/au/category/grid_large/11835.jpg,0,Yes
"Measuring Jugs, Cups and Spoons",measuring-jugs-cups-and-spoons,13486,kitchenware-and-storage/kitchen-utensils-and-tools/scales-and-measuring-tools/measuring-jugs-cups-and-spoons,"Kitchenware & Storage > Kitchen Utensils and Tools > Scales and Measuring Tools > Measuring Jugs, Cups and Spoons",4,Scales and Measuring Tools,https://media.nisbets.com/asset/au/category/grid_large/13486.jpg,0,Yes
Kitchen Scales ,kitchen-scales,166,kitchenware-and-storage/kitchen-utensils-and-tools/scales-and-measuring-tools/kitchen-scales,Kitchenware & Storage > Kitchen Utensils and Tools > Scales and Measuring Tools > Kitchen Scales ,4,Scales and Measuring Tools,https://media.nisbets.com/asset/au/category/grid_large/166.jpg,0,Yes
Kitchen Funnels,kitchen-funnels,1401,kitchenware-and-storage/kitchen-utensils-and-tools/scales-and-measuring-tools/kitchen-funnels,Kitchenware & Storage > Kitchen Utensils and Tools > Scales and Measuring Tools > Kitchen Funnels,4,Scales and Measuring Tools,https://media.nisbets.com/asset/au/category/grid_large/1401.jpg,0,Yes
Goldstein Gas Ovens and Ranges,goldstein-gas-ovens-and-ranges,15277,commercial-kitchen-machines/cooking-equipment/gas-ovens-and-ranges/goldstein-gas-ovens-and-ranges,Commercial Kitchen Machines & Dishwashers > Cooking Equipment > Gas Ovens and Ranges > Goldstein Gas Ovens and Ranges,4,Gas Ovens and Ranges,https://media.nisbets.com/asset/au/category/grid_large/15277.jpg,0,Yes
Thor Gas Ovens and Ranges,thor-gas-ovens-and-ranges,12879,commercial-kitchen-machines/cooking-equipment/gas-ovens-and-ranges/thor-gas-ovens-and-ranges,Commercial Kitchen Machines & Dishwashers > Cooking Equipment > Gas Ovens and Ranges > Thor Gas Ovens and Ranges,4,Gas Ovens and Ranges,https://media.nisbets.com/asset/au/category/grid_large/12879.jpg,0,Yes
Cobra Gas Ovens and Ranges,cobra-gas-ovens-and-ranges,12216,commercial-kitchen-machines/cooking-equipment/gas-ovens-and-ranges/cobra-gas-ovens-and-ranges,Commercial Kitchen Machines & Dishwashers > Cooking Equipment > Gas Ovens and Ranges > Cobra Gas Ovens and Ranges,4,Gas Ovens and Ranges,https://media.nisbets.com/asset/au/category/grid_large/12216.jpg,0,Yes
Blue Seal Gas Ovens and Ranges,blue-seal-gas-ovens-and-ranges,4095,commercial-kitchen-machines/cooking-equipment/gas-ovens-and-ranges/blue-seal-gas-ovens-and-ranges,Commercial Kitchen Machines & Dishwashers > Cooking Equipment > Gas Ovens and Ranges > Blue Seal Gas Ovens and Ranges,4,Gas Ovens and Ranges,https://media.nisbets.com/asset/au/category/grid_large/4095.jpg,0,Yes
Waldorf Gas Ovens and Ranges,waldorf-gas-ovens-and-ranges,13149,commercial-kitchen-machines/cooking-equipment/gas-ovens-and-ranges/waldorf-gas-ovens-and-ranges,Commercial Kitchen Machines & Dishwashers > Cooking Equipment > Gas Ovens and Ranges > Waldorf Gas Ovens and Ranges,4,Gas Ovens and Ranges,https://media.nisbets.com/asset/au/category/grid_large/13149.jpg,0,Yes
Food Bars,food-bars,12233,commercial-kitchen-machines/servery-and-display-machines/food-display-and-gantry/food-bars,Commercial Kitchen Machines & Dishwashers > Servery and Display Machines > Food Display and Gantry > Food Bars,4,Food Display and Gantry,https://media.nisbets.com/asset/au/category/grid_large/12233.jpg,0,Yes
Food Warmers,food-warmers,11269,commercial-kitchen-machines/servery-and-display-machines/food-display-and-gantry/food-warmers,Commercial Kitchen Machines & Dishwashers > Servery and Display Machines > Food Display and Gantry > Food Warmers,4,Food Display and Gantry,https://media.nisbets.com/asset/au/category/grid_large/11269.jpg,0,Yes
Heat Lamps,heat-lamps,12568,commercial-kitchen-machines/servery-and-display-machines/food-display-and-gantry/heat-lamps,Commercial Kitchen Machines & Dishwashers > Servery and Display Machines > Food Display and Gantry > Heat Lamps,4,Food Display and Gantry,https://media.nisbets.com/asset/au/category/grid_large/12568.jpg,0,Yes
Robot Coupe Veg Prep Machine Parts,robot-coupe-veg-prep-machine-parts,5527,commercial-kitchen-machines/spares--accessories/robot-coupe/robot-coupe-veg-prep-machine-parts,Commercial Kitchen Machines & Dishwashers > Spares & Accessories > Robot Coupe > Robot Coupe Veg Prep Machine Parts,4,Robot Coupe,https://media.nisbets.com/asset/au/category/grid_large/5527.jpg,0,Yes
Robot Coupe Food Processor Parts,robot-coupe-food-processor-parts,5530,commercial-kitchen-machines/spares--accessories/robot-coupe/robot-coupe-food-processor-parts,Commercial Kitchen Machines & Dishwashers > Spares & Accessories > Robot Coupe > Robot Coupe Food Processor Parts,4,Robot Coupe,https://media.nisbets.com/asset/au/category/grid_large/5530.jpg,0,Yes
Robot Coupe Blades,robot-coupe-blades,12235,commercial-kitchen-machines/spares--accessories/robot-coupe/robot-coupe-blades,Commercial Kitchen Machines & Dishwashers > Spares & Accessories > Robot Coupe > Robot Coupe Blades,4,Robot Coupe,https://media.nisbets.com/asset/au/category/grid_large/12235.jpg,0,Yes